SET FOREIGN_KEY_CHECKS = 0;

DROP TABLE IF EXISTS  `blob_data`;
CREATE TABLE `blob_data` (
  `id` int(11) unsigned NOT NULL AUTO_INCREMENT,
  `blob` blob NOT NULL,
  PRIMARY KEY (`id`)
) ENGINE=InnoDB AUTO_INCREMENT=10 DEFAULT CHARSET=utf8;

insert into `blob_data`(`id`,`blob`) values
(1,0x5675655365747570287B0D0A2020202074656D706C6174653A0D0A2020202020202020603C6469763E0D0A2020202020202020E58699E587BAE6B189E8AFAD3C62722F3E0D0A2020202020203C613E7B7B776F72642E656E676C6973687D7D3C2F613E0D0A2020202020203C656C2D696E70757420762D6D6F64656C3D22696E707574223E3C2F656C2D696E7075743E0D0A2020202020203C656C2D627574746F6E2040636C69636B3D22636C69636B223EE7A1AEE5AE9A3C2F656C2D627574746F6E3E0D0A202020203C2F6469763E602C0D0A2020202070726F70733A205B22776F7264225D2C0D0A20202020646174612829207B0D0A202020202020202072657475726E207B0D0A202020202020202020202020696E7075743A20756E646566696E65640D0A20202020202020207D3B0D0A202020207D2C0D0A202020206D6574686F64733A207B0D0A2020202020202020636C69636B2829207B0D0A202020202020202020202020746869732E24656D69742822726573756C74222C20746869732E696E707574203D3D3D20746869732E776F72642E6368696E657365293B0D0A20202020202020207D0D0A202020207D0D0A7D29),
(2,0x5675655365747570287B0D0A2020202074656D706C6174653A0D0A2020202020202020603C6469763E0D0A2020202020202020E58699E587BAE88BB1E696873C62722F3E0D0A2020202020203C613E7B7B776F72642E6368696E6573657D7D3C2F613E0D0A2020202020203C656C2D696E70757420762D6D6F64656C3D22696E707574223E3C2F656C2D696E7075743E0D0A2020202020203C656C2D627574746F6E2040636C69636B3D22636C69636B223EE7A1AEE5AE9A3C2F656C2D627574746F6E3E0D0A202020203C2F6469763E602C0D0A2020202070726F70733A205B22776F7264225D2C0D0A20202020646174612829207B0D0A202020202020202072657475726E207B0D0A202020202020202020202020696E7075743A20756E646566696E65640D0A20202020202020207D3B0D0A202020207D2C0D0A202020206D6574686F64733A207B0D0A2020202020202020636C69636B2829207B0D0A202020202020202020202020746869732E24656D69742822726573756C74222C20746869732E696E707574203D3D3D20746869732E776F72642E656E676C697368293B0D0A20202020202020207D0D0A202020207D0D0A7D29),
(3,0x89504E470D0A1A0A0000000D49484452000000EB000000EC0803000000A2D1A15F000002F1504C54450100013C250F4A3827362310FDFDFD0D05024F3E2E45322016070355433477676A380802210502FD8706FE9206351D0AFE9C057339076757582E05015F5563FD7C06665D6EFEA707DFA355FEE677746B80FC71056E5E66FEB208412B14440A02FDE264640F02FB6604FDE08669637BBC3704051456804005703F18CB4204816E733B2A1C6536115B5770540B015C607FFDAD25FDE04C6F6675E65607FDD27528170EE9AC58807482524B5EFDC14FFEC108FDC335FD9D1EFDBE20344F03A11E03F7741CFED25DB32703FDB23D59260A8B7A86FDCF45C5B772FDD92F60658AE4D5A04D1A07062C02FCCC89EEE2B2FC892780451CFDC366090F43FA5703A47C50F9BB79D2C658613E2250444C0E4604FCAF5AD6C770B9AC31AA9A13E6DA55BDB353CCC13FDF430255351EFD9D3BC69252525A06080A2ED9C90A696607E8D188FDD2128B8209C5C412DFD337EEE68F9E8C0AE8DB717F7A957E7209D4CA8B84B80AB6AF0F4831454F7A08473F0368B6082633026B9508A5BF0DB19AA7256505A390A1E5D90FE0632AD32D026D7093938E340503134CAC05A89C49291D4A8F88A1F64302DABC2321830543222F747C29D4A00A24A7029CBA4FC977468A7A7183766AFBEED094857CA18C83EECAB6E6B182927F74826E64CD8663B45B089A36019D877CDB731EA04A08DAB6A0F0D3C3EAD9D1B46A398D7568FDF1C3FDF4D8AF9993D9A169E1C0B0FBDEADF0BA94FEF7EB7C6A5DDBB391C66D27605042CF9F83BA5A20594A3BA9928B922A01CA630BA737029A8374AE4503B99D96695742F7E6C4AD8C7B832A02D55207BCA49DC7B2AAECE0DBCDAC927E5F46A159268C3502FDEDB5B4958BC29773C8AE9FD8AB7EFDECA4C85105D6C2BBFDF3E1F4F0F0E1CAC0D4B6A99242076E5D4FF5C7A5782502E76F067265607A10028D623CBD47037C5138B58757CEBAB3F1630A9C6E42FDDA9967524D756157F892586C1F02654635C0ABA5DA9645E4D1CAEFE8E5D49953F17D3BDD6304988490E7B0698B67519151208C1502FEEA935E5257FDF9F56B5C5ED3820B73462777D9AF3E0000731549444154785E74D6D59ADB4A100460BDFFA510CCCCCCBCCC0C61663CCC57A7BA5B6339DEA46634F63ADE7CFA5D1A79B5386530186C6C6C3CD878FCE0C1630CC986E400891FC4D7329087513C154FC5F468D9ABDD7733D99D9D2F3BD9ECE7EB4AB313D5BB13E429727E7EBE79BEB9F933F2904732996C5172B9574F9E3CFBEF43EF4DC3B09D7EBF44E93BB63FF6F3060DC347C6FE783CB6C7E3C47819BC868C791ABE6118A669E6F33882DF48501CA44F59F48FFAFDA3E95493133F00160115F3BDE23215D8C10FA8234047F1F8BAF5BA22D6A71376420AA85071FCABA839A13E9B91D5B41344DD226C82304B0D252171122B19CBC27470F33E873E9255E71152E2656B0B5629F660035A044ECCF72455D801B468765D2ABD42FBAD15B5A2D7D3B2DE3A27EA2641573324A84841256BBBF7D723D346B1CA2A009E88289D8593583878C4BA4E0F3F9755272B4BD35269CAD9FAA8C5474ACBD53EC684130761C3621555BD3B94C6EF5A2B811559832687C9756ABBDDEBBD79641A6C9D2E7B559DDA529478D5C46054C0B56D1BEFB6F10BC1DBFA0E5DB8E295FF54ACCBC02A5A485989850229A6E8540E580B29A8ABFB1581D565EB70A836E9C387D2E870981CAA8D4AD2BDBDD96CD66B73AF86148B386495000C2D79015E600D33B6A10292A8F4169FB4F85CE875604BD38FDBDBDB2F2E5E5C5C5F7FA664B3596D44096F5084954203281F44A521593E0774324A8DEE582B69583F25833DFA1254C6AE487324C5E53BFBD05EB7E2DEC454DC9BF22158DD9A60041B0706AC082FFCE918D03AA5AD1717173813EBB25EAFFF8D89238836A1B30D7BFD43980A8A31C0102A260D99444D818AD9FD4EAF1E5991974415E9B03514A9944A9DB6A95568C9EACB9DB8DF7770D6794C8A0FAE84345C314FAE52AE5E9102EAF4B76EAEE756F192948CC440B04AB4A7B1D804498D52B8329181D4C85B149306721B0FC3AF49A9298CC924F6032BD549508CF0DEFB2D95A4BC5F23B01216D4846F30D4A4C5C0F0C380A9BE70422BB779E356C94948AE5221EB97450B1DB355D7933A9F45B7BBDFDD4FA552BF6370F0C3DDDCA66EF1958A07849893582CD662EAD29ACDB8951AAC3F1153A46B50DEA90ADB43A8570356A78FBD661BA434239108578B9F886EF83454D82BCE4469FB3A63158BD2A74471D98AC82B9AF7AE1C7D17A5E8BA9ED373DF499706659FC67E0A1323B61FEB7631BB2DFDABD49AC948AF19F77ECDFBF51DAC08A8496495FAEAB7BDBDBD7B338E58DB8F22BC617F71C46A46406D606535A621151B724DAB1828F4C49D93B37E49A8225084142F0E4E80AE6B358AE779E572A71CED44D7A3D390E4BE9396DED2F90AAEB9B0AA5E9515CE50AA3A0594A43CD06B4FAC0DDAB036A08E0D6B04D246032BB4C235837E81957E0177A669BE6E114025AA59D81571F9AA96C9B8EE7D04E266B3D9D9ED2C73DA01BF5C8E9643F973923F47FDCF733A560A5E899ED650EBD29A09AD8022E11D89A16FF7EE8189ACF4FA0F2E62C642EB53A7B08A165CA252D4F625B39138AA54E7050B9506A5F293BA7A5A54425AE50D75CDB2E6F30CE2BA6EA55249CBA8554097C24F3DA82147E7C7D0D2B1A043E81CCF5354E9D50DACC9501A50B95244413119DBBED780D596C0DA9080CCC99B9852B0C15EE768B77A5828804A610838F0B1B46861295896FCCCE167DAD51784CE50C044960583524B3751B8D7ECA81C1D1F1FE35029773A5EAD022AB213EE57BE39AD5FBE7CED4A044A5EB162C32AACA1ACAA5A229B344DA9D849570F498AE51047112A611589273BD79A5B08B18B34289656BFAA5F5D024C6789E02F8C0C0D0597B683ECEEEE76EEC66B8A55D50A6B85AC5F3FE96B52459D71AB42A566617D0B8829B5FA427D2B54E692D8A401F2E2F4F5D9D99F67876748E1108F50C38D8E412B14C0265701216DC1AAE29FE6D5D7D56A55C3F6BDA2A87E3197C950C48BDCA4699C70764F3A271DD09BE966339D965AB3FCE7B07CBFA6C52A3734F9964166E1465D4D8FAC0D580DDF87D5209F60454B541223F945F37FBACCAEB58D2CCDE36A4F70482FAA88055114A67685EB726F4A6CD150AA2AE8A2A0100CC288B569F065B457FA04F301F61B74BBBB270102693676B745021912C0C431D82420C72D92B1F140681213B587985CB5409361AEE6F73C47AAAEB899FF39F5222701FFF27F5ECE391A003AF2B8045888F176CA7D4BE820367683361E0CC7AA0E9331A85CB9F267680DACE2CE05B6F262F2F1B72CE70DAF0AE693A33B4727776047A01A52A4AC6691A8F5BB048A9B6AA9AA30165F95952056563A096485CADEDEBFF9A7CE6013CF60DB14D4A9C8B00E3078300673636338188F877082D70D3A1D48BB013F1A8C6185B664ADF2CA2870DFA36F8FD10B58CF04F5E0E488FB11E38E7CDC3E56566075FB6A58E9600655D6BDAF0DDBA9DECC7C00A951895561612DFB8A4C59BEF9BCE311B04229690AF1D4998E00861A8D3DCF1B6D8CA6DE78CC1C07E35127083A83279DA083D6F89161BD02A8C890966131165421DD86F5C519AC070C486522653DFEEE7DE1EB7B657DFAA7E76FDEFCFFAAA0160EF2607CAC0785AFAF94155BA5BD7E64ABA2EEFC1878306EBC2435B7EE6D6EBE147FE1064E0C0634F088E401A0232F48D36E1A656110849D411876D7C34E188612C34C435A8431B3B0557C55575FBC38DB3EC3D803C53D38521D1C1D9CE8BE497D45FC75FEEA89B0AE823A01F5DDBB0708262E832BD7DF0A5BD1E9E9AB4F3561BFFEB2C8D732EECE8F1D0F262940C321DD8512A4C2DBA9E3319DC0F39C669E823C7282300AA3C80F5196A77E2FCEBA59E6D7601552AECB090BA780220145987A2690827921737F5F1F1727C2AA416CD295BF79F4F4F9DE9BD5B79309798A6D0C23036D688BFE8AFEFDFCD57D60BF44AC10812BE7EADDBD3F060DC7018B0234A4F06E49BFD9BAB74528F3E38683B5DED80BDA519EA6619A2649B71B256E8622DFCDECDE7A37F3D77B5945290BD28252304BA06748292F2EF6558F7FD53EB02F3016FDCABA7FB8B7AAA4A08AAE890ADE42B0CA1F3E24864958035BF215D457B7F63A41A3D16C601F4D460422A14B834123401D6F24353785348F92C475ED3C0AC66B99EFDAAEEFC7D93AF676BB615C29379C7925328C68E6A698897F8690431CA3BD474C4E3A0E1F1F68CA0A2B03D6B3B38BEFF776EE12BF12A2D71617AF2D7EC1287001D489CC7FC3839FFF4EBE1AD64B4B89BDB51450A6965C89DD4D095B5EE57DE4A1A91704D3F13007B4D5B26DDBCFD6BBA34EE8DBA0BAF1BADFEDF87688B3951268395CE5429A97FB3348C4F672CF1C81C86072DD7EB47FB46D60617D2FAC07FBDFDFBE79FF7446BA806E2C2E3291F2AACA860BEBA79F5E6285F4F92F8183A39E039D745259154A37DD602F2385D86B388DB4D1489BF9701C452DD775FDACD65B1F0C9C6C3D4B121FEC4E6FEB492FABD56A7E054A300D6711ABE8022315F210483964DD031234D9625CD2EDC3A393EDED6FA9C5487DBDD87FF4F557E7A782BAB070F5C6D51B0B0C800DEF3503387BF019D6D399AF8C5F59F77E81C3711C6502D751DA0D963F94A721EC0D2FCDB13CCD5BAD7694442EEA74ED4E374B6C2B0C6B49E667E17A1C264166D5E2AC32A7041340C5332622009510CD096F69E33B3F3F9FC89D6B22B5E3B1C06ACAE22BB65E7CFFE8E657A7BB987AF5EA7F304420FF6141A4B88C990A56B1B5CC7AF747CF01958978481F1D6E7CB842C3A1DD48A5F21ACD76DE2476FB51AB95A492A951E0DBD8E9679D2CB4B36ECFCE7A3DBF665BB0D62A2C10E89404AAF271024B70166C027777726B32990818BB31D98EC981185DE4E7DDDDD75CCCF39DC3A7C09AC6330BE1AFBFBAFFE0DA02A4A23FE8C3402F5C55DC05229B699E73568D606258497FE84238E7F4B0966BB8F972C30BC612C51E6E371A79DE68E769D4C893240A692C76026E46FC06190569B0F161DD8A3B59CD82B5665514D1B867D86E4DD43995AE5D4FE18108BE77A4D73BA24EEACC0D35E7DA17525988E2A712C57A32A9AC84F0E9C30541FC84AB2468155888B9782FB11A58657DDE357E4234729AFA967AB49C97F702EEC3297E4BF0369B79928EF3200DA36EE8538F5CBFCB4B46D6DA76E7BB971F02BF1BD4ACD8B76A7E5CB93B418AB56B1C4324D2BB77502D7E71ED0BA929374CBE9170FC6EC6A1F22F7FEDFECEDEE33B3363DF975805B5A4B9B9975462555F69AF6F3E4B354FA52689AF883772D571B6AE7C809EAA9CB7FBCD265D260982F138C758BF93D34E93D04DFCD8B75DB7E687DDC0A7DB54633FB62CDBAA48B5108A1B705044F84D94447F4D66A1EB0CF3C2BC7EFD3FF9CC9BFEF0EAB3BB7B874FEF90B1BF612D9372955979994575295F6F8AAF777F089B0D256C329B32A5167B63E23878C222D1690C878D76BB9FB358CA93304A4322D84F0337EA2651D7B7634B5A2BDD87E2DBB37A568D615971A5F83DCA529CB2FEEDA30F8CF28FAE3E9B14ACDA722E1ECF583FB9E4EB7F7DCCCA44451D96F530BE3EEF622AACC2C9DD910A04ECD4C9BD2757EEB1371D35285A29799A3AD81AA551DA8ADC5614D04FC390E552AD3B2073ED5E0DC158AFD66A558BAB3223FD3D97DCCAB8C63F15EFCCCB9A393D67FDF6988455D692AF86579EE5842DD316755859F7D60238D54EC46289DCC4C2763BF5061FAE7CD862A5D46FF7BD619EB6DB54E0204AC075733B8C6CDFD5B6D3F543160F355F22D9AA61721560B92A9F68FD60CEA2ECF73CE631AB8C05ECEFAE3315DA8C2236174EEF5E627D5CB0CE864C6C2D2569E9B5D45F6F3E0FA41C39CD767B16BF589C371BFD7E3BDF7A42BF19F1436F90A44E336DB55A51C4EAB7956494A3719245992C0A5942D8042DE251B5E220AE5AD57A1DDCCA8CB4C02DF43B268C73523E33AE331493AB2837FF8A75B12861E5AAB430176FFA6151D688E7BACFB9FD474FCBAF604259E46BB34D179DDEBB7765B3D1EC7B1BF73686793B87341A8790F9A96F47A9BFE6A7B68DAFBEEBB6485470AD2A7612BCD59AF0C22A2A3316AE8255426500AFC0735235ABC4BAFD31EB834513A8A5BB61335A6070376B096CE544E979E081D980AC399DC20874BF2D16E710737953FE289A4E3FDC6BE469124521CD26B2E38EEFBB2D3F238461B5A955AE0D67EC572DD4B33580C115D6C2D13228215BC4AC3153388DBBA8447AC9D7A20E9FB3962863A239282D5A86DE14957344B6743F044A2A70CE7024D9EA34FB4DA7C9948405BEDFEFE79CA66C7879DECF3B9D3C218CFDCC45A4A845E14D5CE17469AEC6543B0675C9E2DD8FEBB0968D2D4894135CBD730963E168B9D430167FF51595590596ABEC296C97C45E60F7F4FEAB9D5F523867B597164A342B22B77EB3DF6A379C14C27EE4758229019C8CD3A8C506CEA7C5F8091B54E85C5B5463F007714CFDCDECDA7A56156A89617E1F54EAAA3A0C0E84057EC188CA0988FE252B8DBBD0D512E843239E4692AEAB61D314A49183A63AA114B5FAF2D2A0BBE6FD96EB074ED072A3512AF99AB8E19A1F47246954C34CE0C4DE1A0B895A18EBC2D05AF36B7540EB56BDC26A9E05A12C9A8ADD2492F85299D5BA5E975544E4C37356FF6556CDD757BB0FE59F33E732A8C2C628243BF6D3F337DD06A85A913476BDCD29EC424AC3312FFC85910725399A84699BAA14252C80FD2C133F132E5EC3A456C55F4B1AAA12F24687B5EAF57AB52227DC2C8965417CB3D8C99805B139B6FE999B3C7EDE9D9F1AC9EFF74EDFCC09D229EBE1FD93135805F605ACDFCF58550B8ACCBD402D6997B9FBECF44D97A2ABA84880472682CD6C30410F9C4DCF6D75D3300FF3DC4D5815262EFD258A6A36B4D2634856CCB405954F71BC3263E5B1B454E5BBABE363B3D561A7A37BF16FC046FACDF657F255CA2D5EB86B009C9F32CDFF031737746BE7904D9DA22AEBC1DC57131B05B190C27A999453E3D50054D252DA8DE03A783AE36C7203BED16E8EBC469BC5AF370D485C485D376A0197252EE6D24EC1824F504D6F85752DA6B392AE4B626BBD62BECCD13DEC363BD8A3F91676B67F059D39DBC7E2BC0A6E993AF8B4B37778747472B67D0C2C43B7AF86B50C4B56C08AE02B86903E3B5D5D938E2AEBC229072C1EA9DA56569C167B11A10C3EC57763136AEA6F04AAEB27912DEDB426E596672CAC96056615583BEEF56014D895B595A5FAB239838117E0D2A61D1968B08D0CFC3762FA25DDDE3BDC17544E13355DCBAC25DA5208836826C9C17794AB9DD194C09D02DB349B1B8C844D81F5D5C477AB4FA36DB75A6ECB05D1B65B01C476644BBCD6FC8C10C65CC44D8CF5AD1E844BA0F6AA717D69B95EF9C0A1FF255E438C8056C911BF0870014658ADE2F9E8D0A01E1B5BCBACC0AACCD6BC800552A5A89367ABA10726A6AA878DD1D01912C9D8EC39ED8627AC6DFE8870A622B7E4725D58138A2DA4B69F282A5B3643AAED2596A3886ABD4A9212BEF193B59515A0E57CB8F47D0EBC97CF84993CB873E42F661B93197A535D98F370588155D66F389738A5823D642F0C7111C573D467F8A99A4C563F6B88AB0D5D05B32E1C4D37464DD9DDF0DE9E3640E50DE4B6EC6A5A499BF5920D6DCBE66EFB61EECF96BE020CB6155B7137248A59152E09E2D272DC5BF91C83976155958E4E4B67A7C725156752F012DE4647AA0215D8177A04F3085639F19FCBE042FAEE9D908AEE63E9047D9613B3C23A9A82A8492B370FCC7E3F55BB91B08E581226D84AB3F1C55917DC480B91AFF5883E6A36AAEBD94A358EEBF5A5951EAC556B796979B9FEF912AC056D1917E969782140D0ECB8181D310EF40D524D56A4096F62F8CB5BB0BEDE3597815650E3A6D1EAE4EDEA0FA96932B08288F0D711703E636C304CF93F90BA95B6D3B1E7B5A9BF22BB062A592A8CB8C9A5B7156CFDEB7AB5176BF1C5CB25792E612EDE96587F4BCB712FB825E622934FCE0ECEE41BAC3306A62AEA7762EB7BF19E9EF3CD4D8EC25F23C87EE205E47F08F86B3E4E266FDFAEFEDFAAEA7F537253FD04713414460F5A2EF93A8E9C6DA423FD19ACE3519AE491DFC24F3B1B8436B0B63935B3055B9ACEBA555DF9CBA05725577195B95247A0567BCBFF5329A196BFC09AA3324ADF7894BFC252507DF2A363539A8CAFC22AC7FE60CDF50C5CA680BF0514BD31236C6A3F55344091BC0EB96D0E01C4DCA927B31104EDBC4D5F75A3BE6B65E38D2DDFE298DF8AF135B6B9744B0E63EFAFEBEB2BCBA0D6F1B3BA52AF7E5E5FF9FCBF9771B814C3D0FE16B640051619586CDC9E5BCA32045B81451AE7A0C27AB8B7B3B33AF9E9A7B782C66DCE6C40DF889ECBF82555531DE11B8E60E35C9417C40D5E6FCCC3F17870CBF3C883AF5DE35C7FCBB7AD48DC148FFDDA3FF936A3D736B22B8C0BC842A091D71044B488A541426CE7A50866221051601C151B1286617055605E8219BFA4FFC5C042601F03036B28A56D5A2C94B1F1AE53BA69B62EB35B958AC4D28A86660315662A70D9B01A23C0F8B5DF77EE48E30477BF7B351A6B5EFCD377E6DE33F71EE101AE00D87CB90938AFC434A94458C4B119DBB1B06663139B28234DFDCCA2F811B76141F61284DF88B138032F4463458CE11760FD2B7624A98FD178A414285037A97B9B4085A940051008FB3890799BDB5201FF0EC10BC1F0CACACAE94DEB66637B950BDE1FD61ACCF389BA54ABC1D71A1E6A9618B76830136450CCBF6CBC9966B91497C99AA25E404A42252917210AEB081E0391B513E810FEC487DF08AD0A61C5FA6770912DD3C700FD430A3AED52064819A37DE290129C388E02EC2563BD100A71B1733AC096231781579D51A581B9867D79C9616EB4846498772AD2FBE6721E36326613509A25332E9B187E63D3B6E3D854ACEF728A9DEFCE392C99F8549588A4DAE341E931C550CE58B9D52C6CA8FD7A80DAAFCD239C6D3E54A053A016BB5CD9BF5EE18D2A1BE4DC6DE476B91425B18405653B61007F59EE82A20063D5586DF42BC8F76B584763DA4B560F8B124B002D949B38C042AF043A936726284B761203D48CD150077301282C44A78D6C42998A8C3DD15E6F0F9D67847E29B4144218ACD86A3EFAF983870F8E3655CB342569B1589C756786CC318CD1803BC8697116AB45A14E1FECD8C0E98F702D1861F711A88631C12672ADE658564BAD88D65CAC38D8B66D1610C365466B09471B06D3569C0BA98E639CCB12C4B4C8E79FAA944B91A56D61A5E01DF6F60ED97A3D1CF08294B9B29349D61E8ABD8E60247C6417BDD97C3395564CD5B538B3D0563AD7673D1628A94B674085B367E065CDC0F6C120E0D28BD1A818D8BE701A1F3AAFCE42D7059EDD6A6104E62D8A2CA950C6080434F3D883CFEBE084BF71398E75BCE224379A6352A414440153ED1D1D8AF6F1CAA4605F724816D61E58013B4784C0382DA29FD76C22BBC78C5198484C74828E3A52241A7476B97F1350FD837E88FDE59515CBC11615782DABE961462DC1D525F88A86DC08F7A4F25167F6403BF9125F75FD38C91D086356A0B6739E0B643D5AB885C39660755191F91CADFB1CA7D2D6BA8A96B04C33C8FAE53E511529835641D6EB45D5940C4EA5A4DD0611AACDCE84F50CE9F968A4AA9CC94BD251107642C086C6AD4668349A6E03EB4C2D0F49A16D79AD828721C986A5F0D024582CD1CB138969BC277A7C0C56A931952AD39D2D8A4064924E96ACED772F5606FB92A8F4B5075F15EA9CB4BE90829DCE0C4E31A7440D58FA0B56850A5D6227AE7C86ED6596D80D8CBEE1AC58D8859B18B55BD710BB0CE13C04AE12980A0C5F7D438FCB303481A1F8AC14C7F8C3D7FDC4F4735B73C21968E69AC239BEA1A3496793032456C95F1007D41961C99AFAFAD51A8C9D420B4B67757457503D419DCE2AE0647AD40F88D4C1618EA984557E257C0F8CE28A11AE3A08E0963399DC44866F63DC756B4C7B156B89C10B3252C6499BC775DCBEFC48F7D1FD5C91F7114584F3C3253B3F6353A7F29E9102830DA2B35B845DF8BABF8F405F90CE04D59DB944A5E8B6713A40E903B6C851CCCD7D1ADEA2E0CD4871466B03A993C56C64389386E1D46AEDD0086B2DCC33607497F9906AC7F67A190E924A8F7C9356DAB16F961393D2156B947B734E9BAA4D2F92427C33E540A33407250C60152B9F0918C36BCF19037279460117B08A9503D566574A59FA601DC1498C40349580192B3B5C0D58BB852A67C3711A6D67B9E5869546D363AA9B371DCEA91891805926931E47BA7E82B3D8D48F8F0BC76622B646404DFCDC9B69469AE2667CA9E542C926D779864E52EA17783188DFF1F590B0DD2249335885CA10399A218221563AD3BDED806CEF0A36E332708303D86A342CABE6365A934903B6163085DA6E3ACF48F802095851040BFDA41C1F9B9C63217CA64709588B82904931BEA394169C904017DFF0635A4AD47910BF54055F845DEB66A4944B5AB292F4E1D191330802B26E237041C34826EB45B81C8E3BA1851118FB714ECD9D5858E7B66DD09A5E01A09C6AC4BC68E3448FB40DB0F936FCB4CD128239D63736227E045608FFB9923064AA2B50341C8554D1CE61EFC9CDB8F0B597F9BAB62F035DCAEA2C8895A9A8DE3BB280C9B408C3AFBA2B4717B1328E31F51C0467953098608DBFDD426FB4F008E7713DC9CB97CBEB31F2057D23DA88B448E9C4F7258C31C9E28AAE1154F3B55C9DA819A910CAC440C18962370526E0E685DF499DA832EBA8750ADACAF96A764E75760400495994F9AB0A33C0415FA50D972E21942F60C535BECE30C54ECE020BB65A2DCF656FE66D0C4A853CD223F27048D220806A43EDA11F99CCF9F3251A0ED248036D3547AE05ABA09ED38C2F3A47113693A2545F0BEC43AA015F5FCC43B877B806D6B76839394D0595E5A7DD4A3F1860D6E93076E15E27F87FBED2F48351681D5896E1B8939B5EE878AE53CBB7F298666C3AC7B410EE0DAB556D1C453846FEB1AE73390DA4316C4DFC08125F33AFEA754F183358D5C0B370FF61862AA4B80CD4197C4D59BF630C1FBE85DA25A90ADFB4D27686029E3E58959DBB677C88DB7D1B53A10A2B4661143F031501EC1ACD2612FE7C0DE16B0267DD2C71F43D012430B5EA58036BA2C57C98958189BEC2D82158CFC10A680BCD7539156242744922F68AB36F85705D48718DB05B87F0B5B7F0759FBE0AE46C6D8634F25E77CA3CEA88A8527F3A3B6561376218888CD40EA219D81923313B78DB451B85A3D0B12C67525B72510DEC355DAB956F82B5B48EF8C5C4BA41A261F5F6EDDBE01D6BAF234D373D3CEBAC23B637343135D2B49CCC7AA949E82D20D65D07DD7566AA51B826F7EC228E19BF8414EBD5FDDAA3AFB455C6A62E0558580A6D2E40A5A6F85F7F6F0FB0F8C0A7F400776CA70356CCB3234433787769F1AE8C4A027B76101E84406D3B4B6ED3BD966FD58246DE5B2A2078D7D763732339D661ABE6FBE3EAED2AFA3089B4C46DE166C644A461CC02A706DB73D6CE4E7B6BEBFCDCD06EB7F1C2C191239B0851D84DC765921272AE43C2F6E82B978F7B5F4ADE946A0DED39418F5250A092151902AACF06DB920BEF32AB60DAD4911F52A1E31C2FB88BAFA0E23C9A58966B5D3B769A085DDBB3CDD6B56601D3AAA480BE8709143CFE703C86ADD5A15FF5BD022625534776AC0315427CE7C245F2DF664387ACB6D2161A0FF8320E019BAAC83E3B0FAAA69CBD172813FFFABBAF5EF03187B93F5327BCA1ABD825297738851569C4007B552A8C77F10E5690F607B05346AAC56FE242A31D848663B9CB35B7D9746D2F59F72BB7960B8005AE6E2724450CFB80859E5631E594120F5F49FC3A8A85B5AAE152EE003F310BF9933A854C59AAC999D87E3F7D3ED85A3C1E2010802F9FF25D50C9FA3551B9ED03542052734FC5D2C5464E5B7E3845D6D33E7DED239A81C8391709219AE486E83036B8D90EC38681279C652C723763DB3613D76DD9EE125308BB04F3AA1A7F4CEC47C3CF3E1B3F1D27A66E1E1770BF9EBC36312E71CC8AB4B126BFA7FBFD41FA0CFB4A31A7E0E084EEF3B0777F0F4087F2523D137065BDE277BC5FB903820DAEE75883C9249E925376E8A03FFE4558B9D2D43FAD20750A824A1F91CB8552D40A9CF27B10E251B08B8B46233C75DAA103279129E93A527A3B3EF6925AA184E42F5F82772766348CBE38193E19579FDE8E4A3ABE94D727C32FFEF46C388E64141E577F9DC30ACCE8FBEF83BFCD57261E7D1A0A75AA3BAF761EDFD9C113FC4EF6F80E5634688F904A9C7180AA36B758B84A428A9C69E57F5A20C11DE7CF9D3E4965A1FF83533889B5C2DDCEE0FA07FDEBD89E13D655D4F7CB72C5A5ED0636500DC3CAAFC79FE85C303B493CD7D6CDA77E12FD66387C361C8E9F3D79F2E32B3F1BFFF61F77FFFBD31F5DBDFBEDB73FF9E8A31B97DFBBF1DE8DBB97DFBFFBFED5AB57AF5CB99CE38FE9160B4EA4CDD6295E3DBEF3187A859524B5DAF403E2F5172F8595A86AC5F43FE8B849FFCDE0FD9CFB57E869898503C8CABC08E4FAAA2C12A37A69B0ADB637B607D77F899AA57065A562206F287D12BBF5DAFFD838A3D746AA308AC796B4814935388422219D4ECA002130B42405122DB33B8110108825C242DEF2DA3FC0B7009DC73EF6654169E8CBAE461656418C4344480BEC4B48D17DB15E77B5AB5AAA10D1BDEBF39E73EF4CB3853D37F7A6339D975FBE2F61EEFDCE9DB0FFE350F8CEE19752F4EF3DBABC746DD77ADF32D3A9742A954A26F9E29FA4D24A2693181238ADFE75BD9FEEFB88178A711FC78B6C54C4CB445563AC2FD08049D238AE7C42C47D787549494ED6AEB4EF7F192FED88F9979E2596A168D2E1F22E0C3ACA808565A43CBC1F30C5AEE671FF57EE06BEDF2DFB52D89740334C57081B2FD7B06CDBC509087449C250204FA6157D52D1E3C0344C939F00587F40BBB1684A61EDFB6F2E9B621BE063E2EA25702D6EA2E370433CA750AFF8D404980D1E226D51C261898E694BD0E5E552A9B4AC4D89BF34F622B70A11A1154A55FCF380CFE6A042BB7D1004815F2C148AC2B66D29C196365C5B48016ED765B71058C36038A138AE204DF004E9D30661D9136AF2FFDAB570C25258E06605E757D6AC20E26AE653C65235A5898665583FBEFF096C442C42C63E8285E5129D52E86B0A78E1D1574747CF9F1F7D737C7E8EA583E3E3D96C86D93798EB4D949095ED8CF77F9D2CEF6CCB8013BE276D8B71331C5FAAA02A19EC866146AC1CCCB43A32799A837AB7AC045019575DB4BA59698E41295246E52A8E28B1936CC236519838A298C277517C7D889D0DB1D587315DD3BE4DAD12C481D40B775455F670760B41561EACF5BDDA0E59B3882B7651E557B3B9AEEF790AD5409052A30BA6B4E55AA62231FB0ED3DA3021454A2ED7C595F18761F06AB2BE020BCD516907987352A76CD7222AEE07D9098C039C00EB40B1FEF4BBB6236ACF5A09A4DB6F6D2FB243009D8BFEE1A77FE557EBF0776FEDEDDC7EF169B386E2C56666E5566B17F6D23CE633595FA3BA84B05B641548E5E15000D82D968B8E9492E826507989EBF2528883184A66BD9D20A896266575998A021A512A31434FD1B48B00432CEEE5D18DAC5F2BD6FFC94A9635B4C5C56D6042C06558E7B0F8383E5AFAB0D3A8E52BF0447007CE3BBFADD71A70DFBD0BC361F541A39E59C9F16BEB03D6951EDAA875E10821ECFD1CE6E3E5AEBF9FBD0882A2E73936F02C22DA4AB8040D63E884A117862158A9795035A856CC493E4D38DF4DC7DE431F0C78004D4E26BC66CEBA0454ED3AA67B338225EA4D2D3D7BF6E7ED06BD785B28A4D348306DD62A1B0D20EF6C566BD57CB67D0056663179A5F4B285C093C2BDD7BA98755AFC92E7DAE56ED1778A52F48782312529A22E2921A4EF3C199F8DC244443A078D290949C6DE55EFE4A477D2EB7DDB1B44C2263A6A801E3F2949035FA18315DB3AFF00EB42E90DFC209508AB387506EB70A2E9AFEBCF9FAFD7773750706EEEBDF86CDAA465AD02BF40ADFADD46BEBEFBE62AA6A184056B40317B87638C00E2DCFCB0BA891FED02603177F339CF093DA934EC8FF4536B86DED9F9196E1FC384DEDD0BCE1834A6844818D129DDD58D0F4D520FD8E1BE3A0E3439695CC65CC7F56DE6307E73C1AB59891BB1461EDBA71FDC29FD5781E7633A557B53B84163DA44E24EB76A9B9507955AA693C9E50E0E80DA0D02CC52BB78F31027814CB65DB13F061626B39DF772ED2EF379ECFBA17F860882181A8DC2D079321AE7323BFF8CCBA8495EFF16698F4BC4C8ECD4842FD938A3D7C6B12B8C7BA6901040AA18302218812B61C00D2C0A5100593296AC62F26284F01A8ADE8CF665FD5F248F79DC6D76DA1960064A376DF174DA76CACC7421835FB6B84B13FA326E321B8A47898181F5D092B4DB3EF5FBAE249C59E64849626C86FCE6DC7BCF77AECEB9E2D412B0918EDDE4347138CDA7F8868B37CE88BA7B37A3A592002BAB9B5003BF4ADA8C95B4042564661F3535E5D9275D47B358E9C267CA54C1EB518A8538702C5B53250ECFDE22D47B83BDC094B12EC37B741B86F0EFFEFB768653939EC571FFC87693CA00D91D55FE39529A87A763E43B38ECADF6C67D3B0BCB0AD4A5EE85A51BA54B9C8D242C10E93D70E5C6424C71F001EDF1E3B39B8D9B9F93F6C55F78E2D70D563856D08AC60192DE22B9A85F5B41B3D34768825363A38A4E0D2A448AE06BBFDA9C561B5AC4120185D242DF9F6EA68EACBB265E821986ED87DAC3F169E468945CF8506877634942223B86C4C79CE66951D88BC166CCC26968B2195294E0514889A1B228BFE3F0041DF1E8AF1FB2C6346F1604DCD965612F6917E2BA737107C5A6F741FBE005467276B016FAEB1FBF046C2E96E858901275EDF5D72CEC5A5BF9F29F816B3634CD164F7536017C7C5C9DACB38ABF61FABE1DF9AAEC926EBF3F74234DA29195E95B7DEF24EE07DD11A3F0C9073F7A3AD3635B5290EDD4EB27E35AEBE1ECF42DD2557878CC9E0E3BF03CD6FE846109429DE5A40FD82D9835C59F918D4497395261BFE795D9B2D899AF2E5EE6AE252CFDCAC509ACD4C0C2B3596DF9C6EADAAF1141DD3F7FF9FAF59BCE4E4351541FE587B8D04735A1F477C08A487B58759AA6E2068836B0D0D69AAA5CD1291A750C622C4233D94D8E267E43964FBFF8FB2FB036458159C65B48536B750F191ED3D5F35A62BAAA6A47B284B41D56A2DB70930B34054AC182F4EB3BB6AC075E1640F31C811C363B308D47BABC849AA0648263D96FF5BDEFDFFEFA9BBE8532D1861934586FC68E0451FF728C3A44EEB321991B6A5D748D991D3BB0C50A8C19BBBFA86A08B2188780C582DBDB8A4D4976BB13C36F2AF26965EE4AFAC06BCA3DA03EC7C045D6376803B9D6AE272CA908580CEF26E13C2CAD1496291C5EABFC5ADA06BF70152FB8DE641D5385AD00F6F1FD4F73569EAC85097B7991373567AEFDDF871112B74E43A436D007E5C41A360C9E13718CCE85C6F5F5CE04B9EBD04EFBAA3DB23AAA8C5092D8F8686F3EB44D21187BBA1E96F7F4C4B411939A168212DCBD98CAD2ACBDA7EB03F061B36537C1828D5FCEDBAD9AA7B2742F31958A9B48F1A28485E37D46954E138AAEB04C18E46D49A2CF811E03F80A3B31E0D89CF533B09E658398B0D44FA811669E0AF5278342EF856E62747C94051B9B74354AC2873E72D7CD8E6D9B918F8F617EF6BBA6A2947B8916D3C780F516B11CC6CD7EEA38566ADB4D7E2ADC9D616B78B035A8095F3E59CCB127C3A17CDEBAAACDCA922BBB2E86819C84E5D2120A144BA8EFA20B68022EA11938B3E695DCB13759EF0BD63CC5F9E3EB6FD62713A88586A6608941CCEC2541E083DD3740DAEC60F25A55FF08656BBEE3D3F3C87212333699ED8473395012CE5D3D8C23B7EB445694A6B669F9F85812ABD2D6D376BB3E202B56E89F2D4EB73C2C52ADDA49EB556BA0731AE0965C37D4D19F539015A8EFC72529F1F81D8CBCA989C45C2C06F1BD07D452B95F315F73BF6EBC1085861CAA8A9415A8C4169B02378D2A50AB061CAB3978EC6C1C40548C5037ABC5F1F458A9B0E8394822E4EFB68C28EB85F3693756A6C6284D1D85316731EDAA6E65AF56DFAB432342417E329F9FCEE055615770B7DE036E08DC309C956E6D2C6169DB02BA705F8E590CDFA25D09DC907E193060DF9DB060C5DA74C6CEFC6C21F8D7C79C9506DCAA2AACBE77EDF490452155686003C2C119AA8AD63CFC0D166363A73A4A1114A383D45115B76B352D35609F91344F74EFD1A3035B35BB3E921FB66DA8F23C8E64571F8074AF0DBBFAC1FCADE7ED6228435060CAD6C610533396EE6DE9656F50C2A42B4630D50D7F16FE7D77B652D8F25B019CB1C2AB855F1963EFD2B19F15ACD910BE345814810647441970A239D740F74D87723F9DA43B58AD1A34565BA6966F75808AB8A3457ED318D98EA32496C6A1DCB765EC58478E194736DE37CBB2A497F5582E0FC08A04B70D21DCDAE5A33A680D6C1123D6D6EBA7A1873DE48A2EAA0BC0CA3F9FA4BCB6719396AFDF3FA20B4A318E29ED316305EB65C14A3DF213C657C41CD8EA1F58C4C4B35A763439B10CAB6B6D56516AD7C4441D1D37B400EA4956B5E6F1FA711F699CAA6A30B874925A766AFBA12C995C9ABC235FAD5462D4C34C474637E83A24D57BB2D4236B8D096EEBEAE958FCD26EE3116C9DAEC5199483ADDD1E59675EEE57F2E1CE61B7A9E9F82B2FDEEF5AB1441513177E5D5BB2FEAAF06B365D57EFD16146B5D30441D2F753BCDC84D4B71C78CF42DE660D957DC413C58FBA7D9B4DF40C4A727A78D86974FFD3ED60D80BC5143B812961A2A77E3F7053079211339181681F292CE62A505BAFAE6A2D1868F9284B3CB1C328E6E39E2DE60660E55F0D30716D03525CB96D67D0B49CBCF8591827EEC6EDB577FC4A3D7C76C121BCBAF6D5440CE0215B0F923076E2750313D538E0726BA68E966E6A4A4F532B6E378DC210835CD454CA4AB0D9B053A389575CB9178F1CD574A5BDC12251D8FAE8A24018E1961910C20D48052B7355FC6002503B39C7F358C0A222C61BC0B703B016D17E83F6DE604B4F1335F3F476415B1033EE80F5E2F271C12AB4FFB7FF86F65FF9C7C7D7A26076135355126E58A4A3EB4D743AB2652A8264E8FB9AC215CB9E1C59F2BC63468AE8F88B6CDF4F3171038A0ADDEBDA0066BA33E8496E10CC1F41330E66F8E73857EB35B1083F65A2FEEAEA0AA474E9395663D27A52526F03B63E2EDD681C5C832D1514F9791506B5B4B45BDC4661BC11EFDC98AFC8E0855F39846FAF7E68B0AA7BDD009A2A2342C20FF3A3BFB1E11CA8AAACC9B2D2B5F0CEBE1E1B8EA39693806C8AEC5AEB1D7F94FA5AC4772B497FD4547AFBDC2ADED57B411C4364809CEC7B75F1188E63F839615F01B6F5BC8627CB270CB708BA5B52B2C0A776C7EDD29F606C1ACBDA252F604B695F48E0B54CFFBE6BCC43F39E562188A99BF2314C2981A5E9F3DFA614F454F4D44BF02B58BDD104E440D5B8BACADDC3634DEA55BCA9CF5DE15E4592C89A4E46D68E3F319C26A394D99F1A9ABE2FC2CA3CF6A6B1EC2A1086CCE0E152D89858CFCF9FD3B1F4ECD598476EEED6DABB9015632F990FE8E37609CFC0D94C253A06D92D984333C9B97307295B66794A50D81A2EFE4F2CFB57818A94FD2E580B29F1E3AF8E1154ABF9EEBE0C3068776C32D8C3A150C58AC6E6B0E8BAA3E29D45DA10BBA4C84515499146BF3C40DC3DA836F95ED80B13B98CFD17CEC95D5BFEA9ED4A210734131BC0E67EADD5E8578C624CDB67DEE9DBF149ABE6265BB0703EAE3FC1CA55C26E3E9B2499A5B34B324BCFC531B1A4A6316FFD16D725D0095FE0673F98C482F43E511F8095B249EC995EFAEBD71D9395DB79874599690A466BCA1C3D0802BBAC872A7BE35CB592F84DA0CA49BF3FF255A97F845ACB8E03560C062FE9952B9C97D95AFB26F9F9689A943955EB19ECC909BC06D42F708C3257A7A7571F3C299FC291ADB619CE59FBF370800F5CB54AE8AA61153F3799B833463DCB4D89FC0CEEE591F2F7850976D2E3A6E5073692F4DE03815AC8E1BF469D6ADA5121CE1EF5D1B747236AD2716C876231EED8656F1EC84A437497BB89AC942BF3D40E46500FA90F15A81AC0FE3F5967D0DAB811C5F17C01194311A608B3591B53BC40083897380EB663087B31C2845C7C33BAF53B84221F736DD8054ADCB894B685966E20541A545AAB2D34F545C75818016641BE4914FC01FAFFCF98C99A7D59396BEC05FFF6BD99F7F4FE33639375C0084EC5A76DB36DF64F8A930E0FADD508EE0402F32913297E09181C4B35248AEB9895997A4676EA6639FF2BDAB5BDBFA57AB3DD52B5DD1EA97A4D73FA19A64EE496DCB0573737AFBE52E83C65F43B5E5B52852A597F794B211929C3BA309D0E97D14981A6D239FABC7CCC99C968F11CA95ECB34D16C1916F0AC80F75AADA28152D71AE000BC6ED101AA59911DD3D91A506D0FACEDB6DF392DC7751A5D27E75AD0B2871808B19971C82E13BC5D26DB8693E661983DB0E5BAA75BFD7A531579F5996AEA64F6E706148DD81F9E7A8C9E9B22252B5B306F6EBEEC77FB501D8F7B450C51940A983499F9B37EB7DC82248E1927BB1C12105992DB705BC0C2DDF6B569749E8ECAA685757827A5E1A96245B44240166DC06E3C6F226A518E411A8295BEAC318855B9CF93DA374B9817E1B510FF22B46D17AFC1EDB0BD5D6543EEC4D02D701AA135F35C5113FB2DF194FD814B758AF5ADFABB4F5FE308B4EA490989663CBEA6C13FD6D30FE726265DC42E880F319D5AAC6830F60A4DA352413B61C5306E9998AD7FC742A6262B06E8928D90545E1B9C132F515F1B1071A0820E3D349E361FD6D18B1018B29235C8EB02E8282BF2FA19BAA8BCE921EBC7BB41E95E02935877FD1532A9619259DB5C5D703F5FE3DCF4AE8A455ADFA366E77A5762C2405CB10787364ADB4B0C4984AFB102E9590D837134321A8C481136B241FFBC783D7A7A7F3C3C2D998C7B2EB3932E440C4F44E08354AD0149EE92402411BF0E82F771EA2D9B1968833810B8CDC1EDBA2C1CF15E56558A95B46A4B99A6D5520E78B58F695B69E36A4E5F4B7FF39AE38746D6F9CF5D14F7EFFFDD2F17F951C78DCA58DA0572CA53BFD0199CDAB653341BE80B71C47128D13C84693DCA63BB69A0295A2E62F696AC6CEA839531CA204DFC50C2E24994E0829A6977CC9C153F51A16C40DDB8CDC33C4C828D07C489101295ACDAB1BBFB7CB5D4A178B5A473A57071FD885F805526319544D03F4723E9F5D14F6844C0B317A3CC50ACAE6DB49E2E8D0C6531F2D08A009C6C6078A44F26CB001079C20A2808636E0094ACF03FE69E28611F148E45EE046E221EDC00AC7E9C3AA951417B097391445D42DEC8E25C46B8684B544F4CC0AADDAA51B5E4AA519F43F98ABEBD02ACA225F00E2A1FFF3A6A9E56B9D3F1BCC49201D5ACC9A471E6A6150471CF86F2E416CC9574D646194B3BC1C7974112303C1FD78F77B9D2D9D92A65BB2CCA6B228264F1E047E0A0B97E144C841F9BE9D0E66007DB52A5D8C9ED4370EFD728728880A398D948B1C23E265546481DC26AA2FA138C920A98CF41AC61BFF866BF39E009C155A45136C9EC9E816A0E993F332FB22EEA5AA475A3828E419E108FC63C2125C483F5F47171EB7B8BC5E2368F5BDCCD7AC895DF2BAE991535B026BE9D8764CD9C388C12C853499E39B81D6FE0597BE9096F365B4EEE1F52DB4FC0EA05D32951C5067E05A60625E6CE19897A98EA14A4A53AF5C33F9250FD45CEC3BF1D75AB9016ABDD2659D9332A54AEDD549588BDC3CEB55BEFA006BE0873A9877F420111B6C16FCA89EBF562B658AF3F7B9CFAC3FEB133B43A15808C10B6754CC16E1476A0D6B871EEA631341BD6C0F7996119568CD867005381F6A6F78E198115AF4FC594512C3C6F4F3B5467D7DD64A3F938FB28A947DBD7F252F6AB3252F721BDED77BBEC85728669D13D5C973F8635CAA5959B954CAE260B64D41EC8729D1F11AC2F5EBC5CCF1E678B8335BF2DC1196009B8635B525F0D434CB9911F0133F4D33B3A3710405D2CE143C38493310A504A2CE1D85990009D11CC6FD298E2013FDEDEB7B248DC622A448547A7A90316341AED8D3A3E91A6753B0A9484DE8AB2FF354FD87568969BA8078BB2182E42641B31A19F8D7B05AB1EFECFD519BDB66D4571D82F2E01295E8330A584D02AA384C01019EE8024982C71E88B09590830E85BBCB7FD1323AF7B4C606330B46930CA8052460BAA3165EA53455FFCE4A24C1830A1D1285031F0CBDEF6FD74AD44C9B9966C1B27E8D3393AF7DE738F8F52DB8230E5012AB0E20D83A45816975EF974214A46FF5136E2A0A1C443B162BFBF62BB1FF3E1F105F770E96729FACF3CD71FEF37B0EA3197AAEE28121532C4847D3F8CFDC0671B043CD7C8E62994A98A9EE53A72092634C86644A734A605453B2DEF96C1C3DC78896FCEB4FBDD4FC46FDB4B8A70DF7FF2E4FE4691D47387E927FD0AE191E3B566EBF5AE63796853593C6235661CF909892E827567C90ED19F1F3E1CDC564459EB52C39D21767AF2653E1C938D97873A31A47EB01BE51A0B6B213D9CDD00C8F587E28BA3D8F7235E04A338AA31C54191A62AABD80C14526030F02DE559B95D8979CD87067746FBC7D3BD4F3F8774539142158940CD4BB72745A6125DEA4967BED1DAD94A5D0E0CB5DA9E5FF8A62C4BD93C57E92B9665C1E0D85DDE9FECDD69EA02605C34DEDA1AC2BA7F26A79328B10B2992996C0B33497C61C65831FFCA4DFA710C2B12F9867554BBACF4A25A2FA09400EFAFCB3B3566B5E6A9DC5D4E76547ABF8045DE7E737097F5966D7E9C8B6AB7B7BFDD58676D63FE10D6171793076FCE1F3726AC88A762D5158AC92699DC923079CF43E2385EB66B39BFA3D77DF5D28A134EE93FE85EFD14FD3B16ACB60D690DA93B697436E6AC05C328E3A4E106B26804A91F8F021AA8714D7822332B751579C504FD8698B246AFCCCA24BBD91C166A68B91981A1FDEBE3FA5DE2838FF6CE293CB441A3005ABBAD5F84F17B20B2ED28BED35AC56586083A4005490AEA3D5BE2D80ED4452213D064167E4652F47E6399C1C454B021CA8BF46DAB8A2AD8B9DDFDBCEF666EECE3C9859A44713C92046C3EB435AA981062D05689B8981755A9540C33BB6A9168335B07967ADFBAA7C6F30345B837F14F6D85B51F118378B8AE72518C228EA66FD616C904607013CA630AD6F5C486A668E0C2EAF15E28244F7EC5EF8EE6B95E3500DA0A8131393DA2F11CA196F20517B22F43E19AB7BB49C90A29226BAE2972A48DA69D79926865B2DCE993CB0A5DD7AB1409DAC03E03568AFDE1C75FFEDD5CC2F7DE0194322DEBAC5610A75F5A3E22227F7134DD396BB656C3501D411C45896BCC97661586C98BE2786D4420DD5C6327D6CB1950F55358404DE58152BE665758EBA37CD0E7AAB03843F6EE42922CC0874B5AE18C06013D99584BDC9B351A2BEF0C74552AFA162BB054FD337A659EB3CD1C946938B1B1CE0199678DC7D48D3D2A86BD44A7C966A0BB07358C8D5E65AC982C4DCC502A01CD76C451AFC58BAB7D254268048C3271DC80BA1CBF8F07C2E4ADB9227596AD1E0F063E8A77EA18F4CAC2C2CA0A0E39439268C4494D60BDD593BA7A95B5E61EBB5E095BEAB7A273E9B72C6DC8035614FBF77B140BABE4B7F38EA227CD4E7BFDFC9C70FD1A4B8A8C581932B82FF8210923F2F1742A13166B69C280A24E504D82AC5446AB8F5E8E2363EE98808C201AC8736709EE350423F52CC1AAD5BC24D355CEAB39487749BCCDB26E266068BD9AC9051069CFEC8C004C139A21BC2922955CB152B9122336AC4FF7D66045E63BB036A9E371B84CA21DD3AEF4E736B6CCB8808EC1DC318D0321D1105C751F724EC6ADDA462086DAC932C7C2E36429361AE4618A374BF96BCFCF87FD34B564C80093226CB0759A3EE92ADBB4EBDE73934CB8F83995F0EEA9DD1415F99E31C2651E55B9C2C5415DB2168A3D7D4E1C65F9FB43059854B2EF70C2F0779918E7EBC9F1C336B1A7494E67AA905F84FF48664307C172BC7305EB55B15C8EDBE8B91B6583FC813F4D025C77347819A242979E166A47B085D5CFCDB0F55426843BFA6B7D00D5ADAF7B3484A7EB02EE951BA2DD141931ACFF50F5EFDDCC139F8AF56D8705C341D0225644D5A8A3C9E48C38374BC2AD4512B426CDB371E84137C534FFA7EAFC439A08C3383E91D1E0AEB6216010DC32885D710C222C80C880FBAB010194C37261B368D2A670208C001110028A028C220ADBAA0644310843AFC86E406B212608E616534994133387EEAFEEAFBECFF34E98DFF776CC1D8A9F7BDE1FCFFBEC7D9FA3AEB248ABD9750C99848517C9DDAEC4D673858213538896E4D14BE9FD79D36C9324DC99E2A79027441D15D69BDA01FA5D98D1CD480C5A8775D5C59F084671D6621A2B4605A2DBC09C0D69DB199AA9235422C8A2BDFE6197F538A18E3E1A7D7ED9E74BAFFD3A75004E3B82B8D57CC778EFB9ADFCD1433E0400F3E5C522BA95401BB9AAF334D497A87A863D2E37ABDDE3517696BFBCDAC42E333CF3E76DDF9399E98B2B4BB1E696808D290BEE9370993CE1BC89365C4A9BBC2A5E86ED988DDA3BDF323EB3848D5D0254E5A28116AF5D91B551B9C126C40331E382100229BF59C76A6731C28E0ABB3E7C74A9D597FEB9FAA6F5F7350ECDC20B18BF7001319563F85F31C1862347AC63168D7B99797498764018C32DA7E2175FBCC466AC39B1B16E0EB4583380E7156C5FBFA5E9E13066B8769B84961C182F2F8E652CEB1F824B186CD025093EEA9B615F37E135EC72C07B0D886A5D5AA3081BB0E2790BB01D3B1D9C1C3DB20E3E50D2651658018B6E9849290FF6B333E56FABEF2B552CD9A0983484F979EB7E4CCBF2267911167904368C02C3164B361BD5437962538EF1188C73206521B1C6D4DB85F37DFD3FFA93C9EDCEBFD19A3E9F41DF2BCB92B575EE9885D1540AEBD6E4E25808CD9DF8246AFC2DD450E526FCD94609483EFBFDAA5FF3FB1B791907B514AC282C908154689716762DAC092F91611F3E15CF57993C7284D68262B001AFC90F213469B20AF1448E3A48727F64B9498B07E371C3A85486EE9DFEB3C9989402676AEA3BCCDAD7D77F7878783891E83C188D0E0C64E85695D2BEF24480996479B26A4992E2856165D1A74BB2574FD1CF426EB9BD799F0B7CE2102FA13AB08A0ACD2CA0137250EAA06A0417D9FC1AAE2EAD81353BCAA8C48ACC724B8E93C6F731B398274314B9EE98184F2F225E644E9030DA4021C8AEBD1EB8651871A372FF7E7CE86CD750F7F4E3ECC89D9E9B0968F02ED4C9AC3707077BBA1F44819BB14B1B67CAA6DD0252AF57D1FC41D57162328F56B4D501BB8F145D51E883E66625F6717966E6DD828B18836A10873FD8802A0E488031A728AC08AA41A3F59DCF855C2E4B6665BB66736B05A046367A9168A84A5E8F89106007853949143B99B08AF356899CF41AE5ACB83332B262548CB35D5D4350FC46DC8826925793449B4CDE4DF4FF3841764D2692577ABA01FBA07BA3B76CD921B9C5ABA454A35641A6A8CFA976DE902349F26DA5C9EBF1EA6A4DD9F7F1EB34B65C535E9BF3600D8A12A4F35E71E586011D208A83B5DBB685F1758275960A3BB96C16EEF01ED66758FD48FB544F56673B4C54E3A388D74FE6290E84264BB2FFF375F6A16D2467185740070508294000531A42CD619598424872C0F5AAD2D6648B4EDEEAC0DE43EC4A5ACE59A4ADACD5B292B03E7CC681450264FC11102487815C537F90731C87A4244D7A0AA571743A618394BA6D682293A8478A1B92C66A10F65F7DDED1C68A0BBD6766D7928C8D7F7E67DE99DD9D795FC7E6AB7EEC39152E8336ACB8DDEFB8BD4EAFD3E94CA79D4E25A7ADBFD6347FC4AFE1992DA1EABF8C983E59CE4F49AAAE7FB4E539900C298EA79B50E5EE407DB78E5FE03E74C0A9FC739776B655AEAFB0D02F39EE55CEE4029CCDE2842CDAFDCC8C167C7458023DB1C2F0C00529E400EBFDEDF979B8A67F83751E71E588D5716E084FCF0FE3DE182DE8451BBE43EBEE61E43BB80D4669939F3D752DF5ABD01A17C899869266B069AFDB9D76C2B461D3C5171634101F056A82AB968F077F172B2C16D1811BFCD27A773EE10B57D62ADC1A36A10E206E5D12ACDE11B3B2826D71E749D83EB632824FC6C62689D58264CC56DD7B037F455CBB0E20B2B3A3AD370DFD199D7180B5BEBD6DD995B152C0408FE7222DF3A0451C27B09C0A2B53A80D53726EDC10A484B3A5CB3C861355ED576362C06784424AD2CDE455C261F4E04C164A65539911450927D4452C34D65AF6DA6291D7741DB5FB68447C6E57B9B5556E1543307ABB39326906B8D81797784A2247FB3F5D236363DEB19191B1919CCDE2FABF02ED3E113E03B56851C0EA21BBEEF926627D546F829505037E82A52A0F0F7EEF256DCCA40B338B7563B688F1842F345C2ED71531100D39D3EEB43269869C5EB7331ACD64E3A9D4F474363B3D3DE1F53A670ACB5891EAA751A8A87553C33E1D8944786C6A27D6D555747873A0825EE9329D332E66D24B202ECE643323631323801D03EBB7091EEB6D5A02ECE81955A61E4FBDFE08AC80A5EECA581F81F5DAC1C3047B026B795F1EC61D5CEAAA54693E513ABF5CA001856FB896545106AA53993CA3AA1760E2708850E3D9E9D434D9756634C3537C9CAE48A4D8AA96B52E3920F8FDF0596A6D113FCB71083FB399CB6D56567F83C45B2B1CC7ADC456621CB776213693C964523800BB8F75A35D36E88CDAA145DD73CEECF496FE86037625E7C45AF1670C95D9B5E969DEB8F8F0E07787861EC22D3D7E78F825DDAF27569CCE155A60E579C02EA9AA1CED751839758977B962E4698D6496948AA77054ED0BAF0B30E8820E6BF298534868E102DEC8A2288822B7C671156E33B799AB70303087AE9F839527278D63C726E3996C86148F775889CE0026036DA252B1603B43AE456C415AA0E4CE766158C092652D54D8B5D9ECF1345FDE783134F8AB9F63F2F0EC26A67210D9F5CEDA728B22DA00165D568D44FB3EAEB8B09DDCA58A0248FB3E9C48A58683C3A368C0A998DD5ED0F4AABDDCE5D7F54824180C0A2EBD51D0C09A97DFA0564007C401A234D044E0DE14E33BB66369AFC9C1B62330AC646B924A380CFA6AE0253B59323C1E4F0F1500EF174CDD81F50015AC044B02EA769D589B1B1BCD8D393C593AF1535CB2FD0877C620A0DE78605F062AB66797817A72AB74F7FC6215E09A2AE47D51A337D967C2F9FA69488DCFD410A4A0DB5FAC6AE311B00275588E9517347D3C1FD1551896832A39C308633A6284928A1202F0A4E234C20AE64D5F623DEB785E96257DC9F6A8547A5AB20E5414081FEEE17A487BCED7D121ED5083953AEC7DB22C8A655638A70DFA5735B70EE38EE77FDA37D318EBDC3D865AB5B70AE5C6E099D2992F606434655DC020120D8733599182899461BAF120661460D66ACB1A206519A8C389C4697938110AA1010B029172DCEEA17792F0E318B51425878F0261C838645334FC96F1A8916F20AFAFB5AD7C8E825422EDF97ED19F8C3FDAE2ED08AF3B6D1B225682DDBE8A42A8F7DB66F530DAE6B51F60C5CA0F9FBC7C7CF32B3C4BBA53BA47537A98B505BBFEECD6D3954522ED56557F3E3F8C29603C9BAAD1FCBFC0F3E894A4A0502C1435CC8787F3201D2611B1200832C7F43424F9920A60DDEEA4C991C206A49C8A69EBFA78708ABB875485B60AA5E7DD44DDD300E113BA454BAA43BBF5DD8E3C3880EF819B460B076A935A31469E6F28B4025E37EB1E8860BFF26CE119CE1338264C0D711D57FAADBD45E1151AD76B60ED5E42EB2D37BA4EF235327671494AA55233845A436746FF1541344CF3C53661D0E29412922C31B306029CA9F8025232A924313EA7BFE4621067864261656091D7FCC16057F1FC5FABEBB6EBA40A344B15DC1D72063C4066DA6659EEF78B113BA01ED8D943CE89C142302A83855999E67EF27DC4A4840FA6B9E1DFB761550A1757BEF8EE9F4159B517CA943A90B722CBC552F1782AFEDCDEAA3D2F12AA200A729EE6FDC3829EA091C33BE60D857D523E218BB22C02F53267264D39978494641AE70A17C3908D6F89025FD68E868D4860AB3178F4B8AD1DB213BC8CF93AA527C671771651131037E1F6C03C6899C0C03858E9E03A60DC1E1C0CB623CF5B2A2140FBC10FAE955E9C7DFCFBB9553011EAE2E0E31BB3C5E23265FF41F609BEDA5AAEE1CD4C364EB0E69FFE5505AAEEA71E3B3EFE6BA0465CAA3F94764E62722449725E4AC0E2C31C11E58E9C0A85C178A48D9BA49913248AA256D4F488943FDDDDBF30F4E3E3B6B7220C407F20EAAFC9CE77A9409BB76F13F0FC36BC2BF545CAA38D136A1BD64122D4DDB6D0D4EBEC8C8FDAC28B6B3BB72E96EAE75E9CBDB2D862A8E8AE5BEF9E5B595AB657B18DAE5B6D34F802541CCDA652C49A9D98C66C412F762137C55490CC2AABA22C46FC08B6A1EA30B59C9044914E403D408B9C93E97492A6D0519FE40B5892F975DD1FCC47F217FA1B439F1FB15D7AD0C950CC78693126CAD7106049B71138799E6574232F7B15C4C4CC60ADCB3B6BD2DC918715981B15CCF82E904BAF169699AAD484CFCE02D84EA15FD6776E9CD14F6A0DBD7B344EA8A94C2A3E31111F1DCF1F1F0F42EF07A7F2C108FC108A0E0135202504621DE5629C0140BAA6F545211F5025D9E7CB4992E4133132A19F8B3A620D1EBCF3A18D921423E0EE83363088B112138289B1FE9488F770016C65EC205D857D71EB01ACBD10A3FD181505D4A896C04AA0A49EAB3550122AB136668B0B3CD9B8558E7E7EEE3DBFDFAF1D1D8D132BC39DE174CA9693F005813BB5B33395F70B828E2BD984CF08C33351131685841C8BB5F97C444A232CC69DA4E90B9B26E08BEB9A2EE8F9BCFC8BD3837FECE9B559A97B1F406D5A8265EA64CC245ADAD7FB19699E09F6FDE62FF57FD04D8A5E2AD65D0CAA8E76E9885C18EAFCF3163817014AACDD570AC51A0BF6E80FCF5DE8D7750C84F16C9B343E1A472B5F787D94521804DF9FDAB9752B1AF1CB823F0124236410982442B2A89A215F800BBC8105AD923EE5367326BCB45A00AA4F6C0CBEBAFCC1AD9BC93EDB9B44C597DAFB60DB2124D883F60E2E5B4B602DC26C3F8BC69A5BB6A01CAC80EDEB65904CD64B073B18B3C5FDA91D638A950AFD79B58818E0051685AB7CDA37B8D4D0F832B166E3401D1D8DC71616E0A8B42ECC0360D5873B537E7F906CCA78A27496D4982AC6D440282C050239C9C09543D4B26D086E591002320DCF46F3BDC647572E5FDCB9963C64EB0494B060416A2D55EBE42101AAB5D296D617432CA7B2C5DAD7D7F7495FEFFF96FD727CF2E97F193BB7D846CE2A004FB6C936652522C8035AC4362B050969C5439192D26D594BA8B02E8E336225326CB03DB60AC636BE623B4D620713893401D9CD0518AE2F485D610326F0923E1AA90D0F238AB576ABAE5421B5525668D50DA202A5D9E589EFFC33B1BDA108CEFC7371362BE5F3F92FE79C993907D45D49DD036BB7D3691D5D9C6A0D239DA3A9390C058B8CCAC6B6B0AEA3D5E58024C097B21CE7579FBCFFF7FBD7B01765519541C9E0E4940FF8948492C9CD357EE02979F2F28F483628A6A3110CA0D6E099C4B5AFDEBFFF8B776627B7FEA2ED5BFD5E4C7A1057AD90C22AA8CE639727ACCA15FFBC2AD20AEA6D58B95500EC6919FC9962FFD8B06340301589A0D7DC81B01EDB99C966ABC5F46C4FE1AD3252E165B89E0793D22B4754BCBAF078A68D7A41859550A330C5E33E5DA4E03542F1381F99A01C09858D4002D64848B77266DC7B9137F4AE5C314913646990F633F7C3A9CADBF61EF9E92B1581F3E49DEE4B14178695F721409D79F47333B2CDC8F1FD65E67B822AA56A05B4CB257D583F24BD187E376B0D29F46C73BD28CEEAF6B288C10BA4B9F3E2925FCCD86D33EDA0263DFEB800454B676DBDA5B77CACA43E462B0A8D2BD8903710A0C9F8358E75331220B7EDD5CB57AA4F5F9EBC764D83D449F00EA9CB09259C2E28358AFB3AA5F70A28A35586EB6D5EC1E19ED7A3400EA9C6FE7E22DFC3B715AB5D47AFC7D05AB026667DBCE83A9939B0AC3AA67E7D3556DC5E6753ACC5E80FDBA402323304D7B0282241855A99F7C7B30C48EC054BB75BF57032BBF62A4E7998212B23354C2CC78880CEF4E5D3310EF1849EACA69FAA5EBE4AAD2CEDAE5314DFD5A70B294F6EB9908853CF975989AE7B89A7C23FF0F30FFC4E7AF0ED3B7B9257616662ECDCC4D8C4446F1711C601F809D1EBAEEDD5999C543AE1263596A788184DA158AB23895BEBDF886D435AA31F17615DDACC48564CAB2DAC467021B4B595C729F52F0A6B74C94BD282969DCD27F3A5E846505837B2E102D02CAB38AFD16448D7E90D266E9279ED4A4CA6E48B1A9CEE320325136E0F1044202144D4234097D4B2EABEA47F0F54956980482CA1676963131C26C09607764438D200E7F47192005AC51FE92D4BA4D56AB65B9DC651622A872BC767BE09F45AABD5605D67B816093B243AF2535BD6C8602819DACACE8B7836506B69C907AB95C9D373B11B09386E005C08220BC92861D77C3EDC16F7B78A63CF38A8569B0C060D4CC4E9AD20F696D17E615F04C613C837E45D96DB08A467417D684C3DC5C12E4F3CA8DD65EF0BACD7BBC7BB3BB5FD96C0EE5B1252635E3E4A24F4AE3D694F66988FEBE9EA624D68B7999F6E344C9FACBD521A1FD42451B77C363A8FDDBF17C5195F3A633598D303719168A9140F1AA2514669DE4314723E9A4F12AB8155E172DF602B903033DA89B5800A511F6C3D3437DB82887A5BC7CD48F09EFBAECE09EAC91D70788558A069CE052717FFBBFBBB3BDBB59B0C3251ABDEB4616D9C9F4D1CEEB62613574D3ED8D5D7C315859A5CBFDBC8657625C2842D99318379A2C61A3195CABC448E87A2F96C907160D78D3CA4D1B5B5B0C91A138634A948418D7BF55C4C486348750B5CF3E2AA26635111F61E72E22D1CA8684AFA79167AA909AEAB3B772AFF14EFD7A9EC573D5AE7F48028E017F61B91E28E0F56D5835B1DBCF1FAB5AFF870D72709F3E2BBDA9197BD95DAB277612B8D7BA2AB44A6283663A616FD4A4A425AE18EC0E87469AD23950FF0E98CB0CF3EC2C965C486503CA808BE902F514D39A8F8F7A8F623D52B310D44511B8F6E0DE68D10A6C1479E207BCE6967943C77E6055EB71BE2C54A48119756487BFAED23C3FAF59BC71D3A24E133D12AFE3933AFFD95BFB2EA5899A9C9677C8463CC64A54CD0211633CD4201CF4F5AA39D4B873C1E89373CAFF905766FDE3FA2F97FD840DAA150D8EA282F971E9CE4DEC8E2A2A0F2EB1BED402AF5E46A0C58832E7C61EB332469D67A49C2908791171E7E81A42D34CE9CD895F0C3D3224999C6411D84559A7D80D2399C9BBE8B2D2CA684A0EA9D8EE8ADFDD5DF3026D12BEF171E337A539572D594E099AFEB6485EF58A0A692F831712895088BA6CDEF88AFD48EF898C2751F3EBB4B5A4E2EA27FFF48A990482D7871F1258A01EA85ADC73EDBB43479E57EFAFF90F7FD25FA2F32C276D28B911EE4C064357E499C1BD999970EEC8E1DE80237750831ACC42598896D7361219D48A75306B6B04A832F9E369AC15CF238947214187F61D70958096AC2086E12D5E73E469CE06869A454D2D632C6026E9D44E65231F32A4EE17D12936AFCA9C8F3A3ECF2B80C3B17340E108C7231FA3C6784D3804C43E79082DA57AB2B200ECAF8ED43F1E4241ED16A4A519C5C412CE1BA9A6A2733BC6238C5DFDDC65DADE68C1DA3B12B28B2DAB8236E41B1BEE1D9FC3181A442A2B0E11357C922982EA86B516ED8086B1956CFC84869C91B482D64B3EF0462B14824D736B7B624109B85AE279ADAFA02321C08985CAA6B852ED7AEC0E97C70D47AA2D15372F6864AFBADD46A93D6C78C3460B5BAD24FEB47073666EF017A14AFC634CCC6B155D7B121D02A960FA17E4B0F474B9E375F93D8858E2432D6AEB0B6B8CA45F0F22A7DD679BFA6C5C5764A061FBB6FC48C5CBBFDCC4292B071D0D406514F9F060526F6DEB5D22CA48E5E217561156D0F76C2394CBC224E4E576061458B29A3C32A83C1AF58DB756A6C3FC5A77AE653AB44C36C5D38B10C4D40331D55CAA80167EBF5D77CFBBE824F0F040E19107C21999C38342146F366851B5465A482BED6302993D9A90B4F4B0F6E1F3D23EE413A07EBE829CD9EE63C8DEC6E42EBC2F6D5CAAEFA6F8F95C6F673F2811F3202BBA036A960F5D9580E0272D062604861ED9C3059CE0AC3258CABE95593ACBDFC0AA0FC1A7722F75FBBE12D8815582818818EFCC77A26180E128A0962267B6A955A5949492B0583A9643C78F9422E16C3712AA693F98574DAC8694A2F0F6AF6D4C7417D0E5EB922176855E4B456DD36767378F8D64D3188B1F99B4DDBA6401B7D5810A44C8EFD4C4C8C745D0AADB4249A9B92A5226D0D3BD28515DEC343DD57F0BE0A2B52E0BF36EA2D9D1988F84445662D57AFC57231BA89A558F2043FF298B9DA3656966BA9FC0A770CD229D12BED7F295235B64146FA704FFAB6D3E98909DA27E8826F7D0B5686ABDE923CE14736249D2E8A96D2569F82D5CC6532BA0C679D41CA641469F52B73004BDB3FE41EDE4E38BC13DE0817C46B6A315C09AFAD296B6A641E566093652238F4E011FFD207ABE66A2EB3B3B3BC12C90522A974441B450678940C720DCC42FDF3F4C8E803A40396C4202CA0B2BD3DBC3BF921E5C0D6319BA48201CE1D0A43CF8AD584555CB685704147985923A908D170B73A878A4A757989C8C7525AC0A3D909BF36ECDCD0E4B3117716234D29B608296DA504FD3FD3E9D5F345ACCE956024978BA456B469FE6ADAA04073EA1B50FFEE57671ABBAC381C9579E86C3D11D64119FF28D6E03BE76065F53F40ADEDA926B8E88BE90A55DB36E55CB7A29E4A341EF56C125348F812DC8335F651A84B4B273E84B5055A80409AD7CBBF31F467AF65E8D6DE35D6568CA9928C5830571656568CE2A2A7B486419CDAAEAD9757220626456445734C20046BC1697D19A5A9C3E0362A36043B0761548DEDBFF4E289F17B87C78DA94F8C7F7358B89A962DAC56BB0DC6B1D2AB7D4005A0A7B21E04F32E5A91071E2444E8BD01E3C9886527209748781D39165692C524B893B111DE288B6DE8C7712803DB97140B9604758A11834FC5754D25CC459489D8CF27E1641D95E430EC34B6D3B6D3983A2A409AA274494570DA67647B17EBCFFEFEB9F12F285619AD9307528A0385A92A1CAD26E5182E3FFE58761E563691CDE45A08799B5F918DCECCE9B0CB000DF80A289D6FC1E2E2E9AB8F7323833EBD51162B38BAB858DB2E2B4897952929B75C5BE712D2ED6D0DBFC6F165F690079349F41E0CFF4F4BF8210E721A1371D4C8D11189528CB951893BAFC80A3AF7C973E34FC8345C6FDAA8B1598718970D5F45556498BB46F980AD10038F6860344AF413AF34145CC8FEE1865BC1A173F7A53758570FF5049E5226D16DF98ADBB5C564B56A048CAF312F07D716C5182E2FD6D68B0A32423F86389532B92AA2DBEDF9DABA863FD74F2A71E2C25DDFDBBBBE77FD91EB8FEC9D2E3F0EBCC84056915EAD7D040F9DC3D0D0CCA3CF22777EF97A87BE569FFDA238B087C2FADBDF5353CFAE6328B1E8905F2DD7A52FCECD2512E4D9AF7AFC4AAD2550F3F93F1B41A22DFFF8D55D66A597CFFAE7DFAC37733E71F5759F359C59C7A9AF9489FF1B38E95EA1650A4E86CAE575998795F832723420554FD254B6977917C9F1D385D87562EFDD735C582157E0B22974458DEA157A0F1F5155E867868626C8C646DE1F45FAD2FEAE90DA3FFDD7CCCCD8C4F4DBAC30F5BFFDE9608AFC96C0624CD42F9E6F1E773BCDB9DF366FCDCECD3E1E15D4288D2852361C16D67CF4A187A7C534F7DFB4ACB659B8D1D1F5767758AFF9E719A2F16084907718DC60588CC20560B91784086F114C225790C25A235AA7FDD10D76ABC4213F9388BE30BB5924D0F53DB03FDCC36613F001FAE794D7FE2C2F43B8C8F47BF93E7E7043E22AED839FBEF5E5879F252835FE1DC66B3D71ABCD533BA47EBF9850DE5C8BE7830FE65E6C017B809F5AF1884858744358E5F10799154AD39AB0B626375E6DD8DCBDEC36CAE2F24437C3614368BD85301284556051E4FA32A06A5A825464BDB838BDA4A99CD02E3035A701560143987BD93CDD8C97F780166DBBE003BEFD232232C8C13D03299FDEDD654A3A48FCFA4B77CE125645E95814980AF53A46842555A82F778E598230FF5B53732FEEBF78EBD66C1E95228C56D4BAE14351F1F8D2A3D1A528E2D73EDD70EA28D92DBA828D895F62DADE24188CC5C83224B03B2CD1A91548D7CBCBEB6C200A2FB28CE588B84144F70D4270DD2CB46E8AD64BC23CA868E9DF34727BD26EBF7742AE80FB85C5BFC594D49E7BEB77D4E2BEA3E2524343DFDD174FDD625A6E1F911167D2926999B5A33935FB134A47340D6625A8146E291B94900AB78FE3991C7E4CBCA43DC11765339709AA65AFE1B647F7FC5122DF7257591E06115959E0818A15C1AC018BC05A44883C4E8F3AACFFE6EAFC43DABCF3389EFDEA41B85DBB22A51BD9217870201DD7899DB6AE42E8254A30014133B7C4180E85E4A2355434A2252B102E37CA22ADDA7957A4303D7434B6D0E30694BB00CE0EBCF564D61D1E72A090DD8EAB16EA81A9EEAFBDDEDF3C51BBF7F37D5492047C3D9FCFF7C7F3F97E9EEFB7C4FA9931ED41DCDB8AF11314BE49C094B0B05DB144904B4BC4105204D9E2B552E4317561E31946DB6E318B25F112B02CA3B8A184260596D82EB3B191CD22979509830BB71AD6543DA8E27C9F5C16B5C291214D1F7F3D5311D77C6B7A6B3C877C0BDAEACB57C1E0E32FC44FE1841554635A7E925CD1836D158FD4A41FE3E361A5390E6A2ADA66A1422A566357A1CAB4AE12AD964581165858655F83BB6B7E8B78F7504326E7FE88BAB8B3DD6242757F93C94D18EE2305609641655BF1DF9ECB2BF0C07042AC53D353596F0456500D6D0AB3C6406D1A1ABCEB61725937331B7720F57868EF96C9838AF7A49269C3C969D172EA6F8F878B7319F573BDC4F9D2D00B2F60D75E1B9CFF3B3C19275074C8ACB26BA55039D6EC76C1422939F463776D176678B1305E2D0FDF5047B2CEAABD86D50492E9A2DE222EBCE85B62F60D56F738D7635C8994ECE9B2B0955BDD16E53EAB27DC5E0FAA2CFB5E26C52479B8E3DA06D372D1A8CC7A311E55382D6A3071E37DF53D34AC1E5F2E7B1177A0B9629280F66D10D8AEAB3661966AAA31E921D0CAD17D4E4B6BCF0BD01234BC6BBB086BBB5672ABFFB86F9EA4559F6D19F6C5810D056058D3D33DBE53B7FCF29D99D7E15DC6ACAB0B13D3B99340962CDB94091013865586B534964CF6CA4F35E88795E193072C50BBB95BEBC77FA5077D7DDF08D5E75B50AAA3D268DA53E062DD48D86F13A6382D8B5A94C234B2FF88D2018C4E1521724A760E0AC2F235F3F337CC37CC4A5F62A557FAF8C5DD296248EC45DCE89CA9CE516D9D79467F3955D78589A9DC130B557AFF6EA05D1E7CA609D6C825B52CAF9808712C1832F77DBA3F20402105BA49DCEBEFBF1C0C82FBD786875F7CBDE2DBF4F972D33E1FD09E89683A25D67AEEEB6C84FC8144F78B9463FB8C374B80C23270E8B8399F97034A8EBB76C417C7F47B8C57B0B4BAE636CC4A58F9E3CF19FDCE80EACEABFD652FD72C66CDADC23A4597D309A33428E04C66E88C9A93A1F75219722A4FE91EEB95C15430501EF271830305A49F7A28B7E3DDCC6D714B086E3BB8D8D6B3B9A0766C5AACE49487B06D04AB46E33650057ACBEA624C838B8C09251A5A4E4A4985C2F1031554E4B8F09ACB83CFEBB0AF55E9D2F0E16F0B6D88307ADB6DCD6E54D79D73E767358E28B266575BE75651B6BD0B4864C6C3892E7CF714B49F3D208F32A61E23D2C1C473E84A8F9FFC034C6669C2E30F13982A0F85192F5E662CA1D4A6DB530B8FB8205228A404F2A528E3663F7655E607B0CC39AA370555FF32A4343906F5B0E84F39A085413F390D39B0B0DEC41FE4FCA042AA770BF7DA18611DD131F0790ED4C5D6C7E7DD7906F3F9B7CFBBE92A179DCDDFB1F5141B4FC5A014E6A504BF23898469A39A6A8F247971309209ECEC28D446D24480DCBD0971DEE658F1F8FD264245D231F198CB644CD03AAF4C2F6C4DFB441BE03D7FB8872B42160DACD0AAAA9A01220DD181F30A56E7738685EE5B8AA12C166450ED908ED6706058BB58B128A89CB00ED8A7C6B7A8AEEBD72F38675F7E967596D755E71ECDE6DF767FD02AD6D37B3CA762BC37C174542292481643DFA8BE3E7D91DC6150C361EEB97B47B772533E388D7CBC16BE186246477152327D62C374BA2B6C09EF9BE25351BEC30784EAEFB39955F48A83259C1858595672146B2A02161DF83005588A864E9C87EC5A333AEA1AADA1D21AD67B852229A576431E9C6DFDF2FA052F1EECF42E3ADDCEE6B97CB9BBDA9BD54E56C7F65A1E64128914264549A1EAE48FFA06135EECF1F35FF76B06A0765AB0322CEA0977FB5F8F47C32828D814B922F43D9F7EC30C7A5F14B3F3061E4C69D0D8DFC09A15F4ACF6B7586329823D68940ED551A96454ABBE5A76A58CD13A39F834869569A5810F151ACE7AD7DBAE5FA00DCE9FCFCE94BBDDC7BECB37361291A970B31DFCB191CE54667E259D8E0DC32A508875E3BE3243120C017C7F777F0CBF466D0B7263A3C055AAE44E3CDC0EA8126462999832163389CCD8B5867403F3D43877B0232DD91E3E50F76A560BBC656543402B3F96608094221DD01E5209563E3C0AAC4B4E4C7D0596776BEF15517F31BDBC359EF57EF065DB9FE67848E16C5D7E89F5ED59B696554B672ACEB210FADECF5EDD9B6CD9D8D8DC0C70B3C223262803F4FD3B4B4CCB7487BB21C5C793C92EC6FCB5829569A381F812AD4F40896ABDED1D9D1A3B5F429AAF8338D547A6B90C2E75D81E96C64C32ACCBC056820B2C650D581A290E8705BB6BB15AC00215A9E5C270BA465D953595557687056B586BBF9059F3D5EFFC67E0FFB96774ADD5D574B4E75E7DD7E974F3172EAC7D91F6F626237753D71AC2FD31685192636B91C697F142FF30DE9C4C00AA7AFC2BAB318E7A6617E357E257C96ABAD4E9997B02EBA9EF3BD3E90CDE1FC1BEE978286C140FD0BF5A837EB1EA9129974BB4C84E91233B4CC57548FB75B74CC865C70B658582D5C33AEC48D5B5B2A6062786B5CAB15B56262FAEADAD6D7BBAF54881256FEBFAF17966B02A9CAC5006EBBBA7EB9CD5CE3A728F58590FDC3D68CDD39211B5C2626AFAA45857FBB9891324A5A80FD5A9C0EA9B5952F47C6464AF7D7B625B5354477FD3F0D557E9FAA6A4029E2F1D6908D13605A21E640315A9C63EBD75C3C5B8C9852762584900C08AD761E1EA106F19062D2B94C129F18E5005CB51F946950C6B606B0BA0BEB5C920369BF766B3DE39EDB0C7024F59ED57C0CAD918B6CE9B67EDE4E6374FB3EA395B31BFF3F8E4482F6E086D53D3911C3904611AA41FEBF75BB99CC5DA43B2F808B07F583DD9DE3BF9DAD1A3EB7F5EFFC94FCF1C25AA4B88F3E70A3CF9CD10D2367FE0C4379EDE72B9FEA8637F847818D7D00AABCC213C782D4E64464C06B506CB8EBD5159555575E2C409AE86EC6A354CABB9F16C16B3E2C2154CEA38EB8EBDC9522A4E6773D67BFE34FBD80AB582E6393BBB5491CF379F3D190CFA7834E56A2CA27410896E69B02BD3A5F4EF95A2617932E94A91F5F1F6F693BDDEC9C97FFEF2DF2DAFFDF75FD6C352BF8E7513631BFE5D3078AD63DFAE7FFFE407B2CE30B4ADEB0CC3DE5F83354BC8766BDB8CE080B262674298458AEC61632B8C14DB1634A5A4ED3A700BCB806D1DA503321AF6ABC0B28E999A350D72E56636CBE2423544A3454391D6AE911B9A345DD45869DA2E751291B0596E0C26F1AF3EEF776429A5DF3DBA57D7564B1EBFE77CE71CDD7BDFB3AEE7FE20557E01B65E8F1DAE360BBF88C5EBCE6AACA166A92A58ED61253DC1EA97B43BFF23D42BA09ED0D3D9B3BD9178EF0082EE8575EF486F34A2A59823F1E8E86A2F8EB6D1E8EAC74B5A3B7E60755F647620180C46F799DFF63E7ECB9A5038523F1C67509D9BB529DE855F90B9242B2B4DA712BF4CFCBA84D5551E549EAEEDAB54C65E667EF7C2E197B84F70ABC948D55E617D2306AB924B4CA4061B22A76A336D1522B51DA59D232F50F9208C9418CA5289A9C6E86AB0C8CA8869F9CA6BFCE33E38397B095947230303230F8B9511235EE9717D453C3E123C10C90DEC6301EA4894DCB5BA8A4DED605C2BB8C9937874E4C7D1201E3A9CEFFD79145B7CFEA713FB735CDAE30A49ABB1CEA41209DCBC02456718A2D87DEDC9438FFF962BD03C415D69B269CE761656075B0FD3B321AB31D569E16C17E6B6AA21C94A168EED8901DB59AFC4E81A3AC50D21AB1FBC7BE2B5374292F5C2E8E0E8406F6F2FAC1D51E9188983CA320CADF8D90F45463B00E938C8258CA541CFC13849CB562398C68B99853594C3064707F9035C61C2B37FF6AFB0FE641FA8F7EFCF3C9B02B524A7A65260A52861BD15EE477DF285E77EE42DE6BD2B4D48AA99AB09EA40BF5969EB15B79D1DFF74978DC93B80743B5D437C3C24D4988583EDACEBFA2EB7495E381FEEEF0CF9DFCCBD97CBF54E0F8E8EE36EBF0FDFF3A1BDF8B806E144DA2150078291787C1C73F8A581D101CC790F60E62A4BE6368F072371DE81DD566ED19B2BB374B22C983B71E8573F146A2683AC0E760ED31B94A5D1AE4CBDFCD8AEBE7C3E20A99BA8BFD6E1004B3B35D45003D4FF408437FD6C84DF6D0A1F9BD5E190C13658EBB286F79C589A583EE60BEF79EC9533ACCF9B5B1E58C3D17E3C1A8D62251D31EBFBE810D246A2ACFE7F20185F255375C487A2F188C773C0A9DAD6367D10DB36DEE8E9FE6AD9E2AB4B5462BE6DCB9D3874E78F42CD2412E78C55CE546AB41579FD90A64026A8C38D2C2C5A60455B47B5ECD2ED520C2D2FBC691126EA27F6897636CB4E0A34251C69B8FF5FA08EDF0CBF7A929B0CAF2C4DE496CF2FA86E0E918261156984A544C47A10CF7BDA2D4B150C467B225A40071BF44108BBDA70F1E40867A6C006EDFDF231DD0433B13CF1DE5FF6DF49DEB99F0235CDA371F30A4805A736ABBD7BBBA3A9E129BD4E458E3969552B553F61A558800A56D84079B93DE73AFA095AAF08494A0A9AB4EB6F9E08EDE709D72F9E60B877F4F0E3875697965717EFB678A6F1278B320A76A82303D4DC205ED31DF1A591787C08D6A120B6C44C816EC18AB322CFCE7695CBB2F62432C4FDCCCCDBA7DEE60226D399B7593F3AE958E7CF495563151D1BC15E3B589DDF30669DEF1C79679D8057A9D469833A0A41D703022B7A99DABCFC0E97CF879CA6F77C6E4EB7F9EFA5890B1FDE608E66970C0F3F73E8D8E66692A57E46A2F1911E0FEAA22A7D2B992718A4C1467AF07BF278821DB4CEC1E9E9498F799AAE4D96AB886A2B762512D90CC0890427E9D4CCDF4E9D4AA51EBA934A58802AD8BC59B88DC1A718E3B59BD2F491B1B2FADCC92348ABB05CDAA9086DC7CE9D3B1D737FBF5FC56DE0F587ED8D3B0735B413695D3BB091F3DF5FA5818EDFDDFCD9732F1D2598A1BDBC180E7FE9F11C8C44234045A252361AA43BD11A0683A32CD914A48972EA3251D720AA5E1FB676CA73FD3C91C7960598177B344EDEC964FE3F23D0F4BCBA9C0DA1CABBC261CAA0849D8E78A38BD516A23B62C2C608637D0458708DD445BB23EE07F95BD1CEEF3B09F2D37A8C960FAF26C2979773AB5F6CFA5EB167C661FDCDB354881B498C3F41ECF18C467B64CA168C403A1D0CB2A4F8680F46995D08DBEA4151B2525BD7E430A21640955760765E8F9566E7B5010B2B353A8DAC16262BA492B52252F660EA5D6577D37F8DD55615ACD561090BAB454DD59061020B93B86C1F7E10F507FCD648D76BC137AF8C4C4EAABB6196F0C9D3878F1E7DFAF74F3D143F1B26BE6CF30419FFB2C40863839E88164185AD9585A771EEF7484ABA524F17A8BCAE0F5F2C48D402A8029D2B99E1E11C4EA559C79A4AA4A116AF504FAF5815DE0EA0E175EDD5B983837AB28EDA60AD915A8023223829160D527E022BA8A8DA8877D62F938317FD9BBE777303878FFE699C682635877D33AD83B4C89ED6C9209CC1564835ABF3B0532A621598611634A294A9C05D0582E7DCF598259425360E0A13569148A75329780D15529C2F29F05A0EE644874AD36D505D0D76A8C4F37B1AAC0E1559FB9DB4807D1B9596AABF420858D1C6EAA8474E4D2C7FD8EC6FBE7CE9E3D9A78E3E03EA19A1F6FBEFAE4D2224C6552043DA0124A88C19BAAEE3DAD5D656A8769197DADAAE938171D09649C367892CA0909267B791B30E369D01D5C95A3C6DD66C45B4455C5EDE80DEA87CDA24518D54B2D6870275564855FA29A0A29E446C84CB51D469823AD0693D6C8CCACB4482F8F3E5A5D5B3A1D8A94B1FBF971BFFE957E3C75E57DED6D8EB5A12115B3B5ACAB89D8EBAE503911445F1254E0EB65069A759020A43AFAE7201567C2910D5C2F93B164D5D234DA9B9CE2C2C4855AC574E6FE3168BECF2810D8E0AB1DE76EB2AD649C50AAA121398A1465E72A80F463D2BB75B30D7D10440A884F6EB6FE696DE7AF304C6D5275EE3D2F9F97B61C53D6687E1F767B4F2464BA1A555CB27C289A3326865D6155CBB55BE582D245199736425F96A53C5058097025D61CD081641614DC35AC24D13A8BC61968A160E55F462059641A2236DE86AB0E0520C58A4F514CCC1288589AE7EA176B7876CBA0E6C0C4B0D0D4BF6DCCEF188CAA5FF712D992F25CE6A4042E1CB0C8E9F2C0C435BA8B6106420DCEF0B05D22D0B41A69385E46499351DF8390B1BD18FE2A5A840B2F91A01A0B45605A8AEC339275DF3F2A6FDD43E41CCE920854F0BBE892C2C568D991AE359874A401A02B7DEDD28131B9E0BA315AF8375D3FA47B0FA8CD5E612B18F662F69DD7644FDF078D87FD58DA6FC7E15DF4299FCF359954528AE77B50175F1FB7009AC7AEB60B5FABB35C466AC2459852A0F4B57811DC83C3558B4590A922E80AA294E7A9EA494B70F58DB9ED2A7458AAE6E4574A14A0F65E1E71BC22A90B59D3EA7DEB7FAC135C4B06D8A4D5E36C1D3D7C2F68DA28BCEE650ECF647ACC1FFD6B1F3AF77F7FB8F2F36FB054BD1BCE1662AC363ECFF28542DB46A13ED12A7988B93937431D549B1AA5785549A524A6C163095E649566CEC15A096609ADA284D91884C54950D28094B534DB6DC2BBA924C2CE015AA0365479305B33E586C486AE3FEC6CC471377FB5658570AECF2ACCE9BD9F19CF0E2F1EE665C7BCF2C5E1523E1BEC0B99BCE94BB2ECED37D160036132B4CBBB24ABAD57272B8A5AC1FCA121CF75357118B018A84DA50172BF11C286F37CCF264C5126FBEB461E362096A32D3F1C0EA464DFF54163E62B0A6AB464DC2A5A0AA23EDD6EE8151319B8A8F904EBE7BAAC3BAA4C7A5F6EE9BE45A84BE0AB7DD458491D522C83E2A406DFEABFDDD05DC84B373894C15D642E6220303597661643F3C5C4E9619E66735FF86910227DB76DE81C3D566EAB5609DD789E030662996784B08B636CB81195660E95F8F6C8F109F47D79AB214025047DA000D9B9A8D2FFFF96671135629D9B85E4B81BCC6CAC5586E30D10CDF58FD6CFC077EDFB574353357CA2692C9FBD54C3259850E7F9144B2BA966448884DFF697D7F44C09077263C2BF9C08ADE07E0370F65C8CCE6E41C85B3C0E7D7A68AB0A23262DBAC5D131DC7AA358B8D1654D75EBFD1621D681DD5678861C3BCC1FE86AAA4059CF580D40EEEBB29823F891D61E5E8775F31938E3F4F54137824A6805D4BA907B1E110122BE564E7C071C35B94510DCD7B350E920F0DEC2BC580295D92A50B5C6422B1A973051C2B087EA68F111A192B3799AEA84AD4D370BDD771AA3650378DD55F53F48642A848075483D625285D363034154103494153C2267D2FBEB88BD9090D8C394B4A6D904E948E544307ABBCF9A2911238B1786D06DEE7D509B8792FBF3337A20D7315528AD6E7F94DDEEB95930799CACB4764D14DA8BD6ED761B1AAEAB2D543AC7E929343EEAFE96A0777858E5B9D044B11AAABC44C70901454AA31E9CA4F58E500165A1F07DF0D3D3CCB9D057F60DDC2BE520989E6E7D4289151C30425589BB178A78CB44F659757CC9C8E8D6169B7A3323505993780ED0C863401620A17A52215D62BFD71B8A8602C858B4BC0E63A8F7E4FBABA0AEC66AEA15A08977E9510A30EDD52B65D0D0D508AB5D24F38B01016AA8A955A2CDAC5B3678EEBC29D5AACB88C944E2904F83D656A5B0697A7BFC7EC69E8EFE06F28215CCA84D72515B6005C5B95A98A9B9555760108E82EEFD88E31B9B6BE7F6D6583162CFD025E35E62DCC59A656D0903F09DE1EEC77F46D6D79BD80820A2B59D8C14A55636D080B63C8912A2015E326A8060AA7882110272156C43C73FE0C97BDEC9420E5A2A9C15EBDA99A8BA42C47DE78BC5B4F8F7EF7D13129C62B90D748678508D82494325619DB0DEC6EC444515E9C72777205722F819ED7A6F446DE775E44D71F626C6BAB8F8F3D2A53C38A6E6426C46AA44E5868494D9D943AAC788D9362ADD5E757D285D4827E55C1A9E0DC406291BDBB2546D98DBAEBAEF77157CCD7B59CBD8AE35618864D8A65B3360C8C8D0A61328D18C280D72030F205780AA154AE7205EAD5B85B5C08835CE806922B483B905BD84B0821C5541EF074660B33A4CAFB7CE75B45BB66ABDD7D757474F463A347EFF9B32C9DF07CDBAB1F7EE2CD6E7C0596B1FC5F8F863705FEFDCD70757E9B48E7AA8978456AA5A54E9D6D37C3C23E0AD86AF5F3F1F15F8D75C0880880EAFB7429C24AA161F4F154B463B162EB169DF6D5A90AAAABB80635CE9339AED26940564E1593754379C57083F5BA29BD13AD26C5E91BEEFFB3FF1F7B565785549591AAA396D7135B0D5D8D56857433DA0D18B1D2ECB22D3A45DC785B10815570FE9C37A9E1580B25F4098ED15EC63E60F996EB301E0F75C8F8EAA6501C1EE4D660EB837726236502D4AC457930368210569D35F56804B360DF6B6C2AEE351AADFFA6CB3230D358EE66529C1AEC4415F575F82F56A87AA154DAB41B05257446C5300CA82BC9DF61D098148E6862A935663BF9F1680C8CBD4AD1BDE155D8A157A21A8EEC054EEDBDD25289315F2DD667584DFBFDA9BAEF6CC55860BDB9895C49A88E5F9E6C7CB5E96C2E45499AC28AAB32F7F734863A162A877FEC68897509AB42D02B056017D24E12AE64C4682C8D0063B6D8684708107F334A49A82D11F691B25D8330003729F4C796CEA12C3DC169CADC59576A9DFFF91C879304B419BD1F9EDD62B3ED889953AB8A28B0E1BE53465D373D5B9374365797E234525E16D6E35D0853176D2BD885C33AB1829BA2D26CCCC2C0B04FDE8943A2F1B46F1E105DEA2479DF10C68EB0B63CDC579EA0B9F0CCDE9815D6F2C468EB0CD8BBD015218754B192E9F55FEF19EDE9F0707EE0657701632CB33DB8D716AD9E195F2C4A61602CA7F805B1EBABC47F1C5605570A5506224A5CF0C18448185D34BDBE9E46BE21D7C2EF20CB52196A855485208D26D334B5E648EDEFE17C3056483B6D7E648C9556A6B6E5A294AF08A6EF24BA125E58F7967FEB4ABC722DCF15A4B9692637B9D1C43C5113A95676320B7512A6C6A95A953823E3727F4DB82F3A06CCF02894F47094B0D432B30AEFE1D7E3465B606D9BB674818B89A3EFC06AB5B08240EBBA521433E5B529AF73C23C4758EAA2BAE2468C80CE135D86D49A9D24BED7ED2635A8FC88A19B7CA67FC4334E7A36FCA8F94FDA9CA504ABCAEEE160FC34428DB446C8A14DDF9615C953096BA58EB3365457A0EC5688819E93AF27D12C9D7A9FFE2C4251981E949C2C9DEE523AE2516DEE466A364D73DBDCFEAF3EB7833BFAEE6B58C9BFC8BC25182A73A704540C765ED24E9EC5B44A09993BB1EC6C7F4DFE469742E3FDBFD03B5C0A07616A4F5C91A3B30AB583ED1333A3DBC6C19DBD47EFDA314916B13220D64CC276C3DAD10A12D64EC14D37F13347114BF3354955A259AFC91C0A449502E95396A6F2DCEDDDD0C69EE9410933E4E1B6838576CDE4A47D9B3D01B5ABFC827644175A97832DDA7BC730C84161A5A20D02BC63474E3CD3E4B534A4700A6FBF551DC0ACDC12BED23E369314256F3E7C504F44E3F01D11B513A8A675231A90FAA0527F9D4DFD94EF64C935691A3E627C4C44255F30D02D617EB5DAFFAD71ED525B2A16C50ED9B7D59D4E40F435D6399E48C01407F5C69E9F8D17569A3240979AA4E993B12AB2027BB0F2DA5264CBA669012EFD5C5D81A64F6FEA03AFC1419B75735B96A43B852F10EBE9E34F9C18855A384E485AEB193BA3C798433A8960ED84CD5536635B95DD1BAD2C0DA543974E57AECE818576327553D1F170C45560A1746F09C6539ABA2540CEB5DEFDC22180B0B94F462ED6F2A2E80FB63A21197B9746F6D880DCF5EE518FC297A45CD6CCCA23127104C332AAA3C45CDD9E2AF166BA5CFB77DB53962555565771C8EE2AB2B3C993BAD208E0C3A37A139B20585DB7E4644D90F4BC2472742E0799533DE972F11AB64BB8CFF41F052CE3C336B86BE30000000049454E44AE426082);
DROP TABLE IF EXISTS  `component`;
CREATE TABLE `component` (
  `id` int(11) unsigned NOT NULL AUTO_INCREMENT,
  `uploader` int(11) NOT NULL,
  `info` json NOT NULL,
  `fileCode` int(11) unsigned NOT NULL,
  PRIMARY KEY (`id`)
) ENGINE=InnoDB AUTO_INCREMENT=33 DEFAULT CHARSET=utf8;

insert into `component`(`id`,`uploader`,`info`,`fileCode`) values
(1,1,'{"name": "写出汉", "introduction": "测试说明333"}',1),
(2,1,'{"name": "写出英文"}',2);
DROP TABLE IF EXISTS  `lesson`;
CREATE TABLE `lesson` (
  `id` int(11) unsigned NOT NULL AUTO_INCREMENT,
  `info` json NOT NULL,
  `owner` int(11) NOT NULL,
  `showing` tinyint(1) NOT NULL,
  PRIMARY KEY (`id`)
) ENGINE=InnoDB AUTO_INCREMENT=31 DEFAULT CHARSET=utf8;

insert into `lesson`(`id`,`info`,`owner`,`showing`) values
(1,'{"name": "测试课程1", "image": {"fileCode": 3}, "message": "课程描述"}',1,1),
(2,'{"name": "没图课程2"}',1,1),
(30,'{"name": "sdfa", "image": "", "message": "asdf"}',1,1);
DROP TABLE IF EXISTS  `lesson_data`;
CREATE TABLE `lesson_data` (
  `id` int(11) unsigned NOT NULL AUTO_INCREMENT,
  `lesson_id` int(11) unsigned NOT NULL,
  `support_id` int(11) unsigned NOT NULL,
  PRIMARY KEY (`id`)
) ENGINE=InnoDB AUTO_INCREMENT=10 DEFAULT CHARSET=utf8;

insert into `lesson_data`(`id`,`lesson_id`,`support_id`) values
(4,1,2),
(9,30,2);
DROP TABLE IF EXISTS  `role`;
CREATE TABLE `role` (
  `id` int(11) unsigned NOT NULL AUTO_INCREMENT,
  `name` varchar(32) CHARACTER SET utf8 COLLATE utf8_general_ci NOT NULL,
  PRIMARY KEY (`id`,`name`)
) ENGINE=InnoDB AUTO_INCREMENT=2 DEFAULT CHARSET=utf8;

insert into `role`(`id`,`name`) values
(1,'测试分组');
DROP TABLE IF EXISTS  `support`;
CREATE TABLE `support` (
  `id` int(11) unsigned NOT NULL AUTO_INCREMENT,
  `component_id` int(11) unsigned NOT NULL,
  `word_id` int(11) unsigned NOT NULL,
  PRIMARY KEY (`id`)
) ENGINE=InnoDB AUTO_INCREMENT=24 DEFAULT CHARSET=utf8;

insert into `support`(`id`,`component_id`,`word_id`) values
(2,2,2),
(9,18,2),
(10,19,1),
(13,20,2),
(14,21,2),
(15,22,2),
(16,23,1),
(17,32,3),
(21,1,1),
(22,1,2),
(23,1,3);
DROP TABLE IF EXISTS  `test_table`;
CREATE TABLE `test_table` (
  `id` int(11) unsigned NOT NULL AUTO_INCREMENT,
  `test` char(11) CHARACTER SET utf8 COLLATE utf8_general_ci DEFAULT NULL,
  PRIMARY KEY (`id`)
) ENGINE=InnoDB AUTO_INCREMENT=3 DEFAULT CHARSET=utf8;

insert into `test_table`(`id`,`test`) values
(1,'数据2'),
(2,null);
DROP TABLE IF EXISTS  `user`;
CREATE TABLE `user` (
  `id` int(11) unsigned NOT NULL AUTO_INCREMENT,
  `username` varchar(32) CHARACTER SET utf8 COLLATE utf8_general_ci NOT NULL,
  `password` varchar(256) CHARACTER SET utf8 COLLATE utf8_general_ci NOT NULL,
  `salt` varchar(32) CHARACTER SET utf8 COLLATE utf8_general_ci NOT NULL,
  PRIMARY KEY (`id`,`username`)
) ENGINE=InnoDB AUTO_INCREMENT=2 DEFAULT CHARSET=utf8;

insert into `user`(`id`,`username`,`password`,`salt`) values
(1,'测试账号','9f735e0df9a1ddc702bf0a1a7b83033f9f7153a00c29de82cedadc9957289b05','test');
DROP TABLE IF EXISTS  `user_role`;
CREATE TABLE `user_role` (
  `id` int(11) unsigned NOT NULL AUTO_INCREMENT,
  `user` int(11) NOT NULL,
  `role` int(11) NOT NULL,
  PRIMARY KEY (`id`)
) ENGINE=InnoDB AUTO_INCREMENT=2 DEFAULT CHARSET=utf8;

insert into `user_role`(`id`,`user`,`role`) values
(1,1,1);
DROP TABLE IF EXISTS  `word`;
CREATE TABLE `word` (
  `id` int(11) unsigned NOT NULL AUTO_INCREMENT,
  `data` json NOT NULL,
  `describe` varchar(255) CHARACTER SET utf8mb4 COLLATE utf8mb4_general_ci NOT NULL,
  PRIMARY KEY (`id`)
) ENGINE=InnoDB AUTO_INCREMENT=4 DEFAULT CHARSET=utf8mb4 COLLATE=utf8mb4_general_ci COMMENT='单词';

insert into `word`(`id`,`data`,`describe`) values
(1,'{"chinese": "一个", "english": "a"}','a'),
(2,'{"chinese": "单词", "english": "word"}','word'),
(3,'{"chinese": "测试", "english": "test"}','test');
SET FOREIGN_KEY_CHECKS = 1;

